State,County,County_FIPSCode,OpioidDispenseRateper100,Year
AL,AUTAUGA,1001,98.3,2020
AL,BALDWIN,1003,65.0,2020
AL,BARBOUR,1005,22.8,2020
AL,BIBB,1007,24.8,2020
AL,BLOUNT,1009,22.8,2020
AL,BULLOCK,1011,22.0,2020
AL,BUTLER,1013,35.1,2020
AL,CALHOUN,1015,97.9,2020
AL,CHAMBERS,1017,60.5,2020
AL,CHEROKEE,1019,50.6,2020
AL,CHILTON,1021,39.3,2020
AL,CHOCTAW,1023,37.8,2020
AL,CLARKE,1025,65.9,2020
AL,CLAY,1027,81.7,2020
AL,CLEBURNE,1029,5.7,2020
AL,COFFEE,1031,74.4,2020
AL,COLBERT,1033,150.0,2020
AL,CONECUH,1035,113.3,2020
AL,COOSA,1037,0.0,2020
AL,COVINGTON,1039,85.3,2020
AL,CRENSHAW,1041,33.4,2020
AL,CULLMAN,1043,81.1,2020
AL,DALE,1045,31.8,2020
AL,DALLAS,1047,62.7,2020
AL,DE KALB,1049,64.3,2020
AL,ELMORE,1051,26.8,2020
AL,ESCAMBIA,1053,81.2,2020
AL,ETOWAH,1055,102.8,2020
AL,FAYETTE,1057,53.6,2020
AL,FRANKLIN,1059,89.4,2020
AL,GENEVA,1061,17.0,2020
AL,GREENE,1063,16.5,2020
AL,HALE,1065,22.6,2020
AL,HENRY,1067,46.2,2020
AL,HOUSTON,1069,136.5,2020
AL,JACKSON,1071,71.7,2020
AL,JEFFERSON,1073,139.0,2020
AL,LAMAR,1075,10.7,2020
AL,LAUDERDALE,1077,57.3,2020
AL,LAWRENCE,1079,28.3,2020
AL,LEE,1081,35.4,2020
AL,LIMESTONE,1083,26.9,2020
AL,LOWNDES,1085,8.3,2020
AL,MACON,1087,11.3,2020
AL,MADISON,1089,87.3,2020
AL,MARENGO,1091,58.8,2020
AL,MARION,1093,106.0,2020
AL,MARSHALL,1095,92.2,2020
AL,MOBILE,1097,98.0,2020
AL,MONROE,1099,53.7,2020
AL,MONTGOMERY,1101,86.3,2020
AL,MORGAN,1103,67.9,2020
AL,PERRY,1105,17.3,2020
AL,PICKENS,1107,43.7,2020
AL,PIKE,1109,38.5,2020
AL,RANDOLPH,1111,47.0,2020
AL,RUSSELL,1113,35.9,2020
AL,SAINT CLAIR,1115,63.0,2020
AL,SHELBY,1117,64.6,2020
AL,SUMTER,1119,41.9,2020
AL,TALLADEGA,1121,39.7,2020
AL,TALLAPOOSA,1123,43.4,2020
AL,TUSCALOOSA,1125,86.6,2020
AL,WALKER,1127,123.0,2020
AL,WASHINGTON,1129,29.4,2020
AL,WILCOX,1131,16.0,2020
AL,WINSTON,1133,65.0,2020
AK,ALEUTIANS EAST,2013,9.6,2020
AK,ALEUTIANS WEST,2016,2.1,2020
AK,ANCHORAGE,2020,47.2,2020
AK,BETHEL,2050,8.8,2020
AK,BRISTOL BAY,2060,6.4,2020
AK,DENALI,2068,5.2,2020
AK,DILLINGHAM,2070,1.7,2020
AK,FAIRBANKS NORTH STAR,2090,29.7,2020
AK,HAINES,2100,0.5,2020
AK,HOONAH ANGOON,2105,3.0,2020
AK,JUNEAU,2110,29.2,2020
AK,KENAI PENINSULA,2122,47.3,2020
AK,KETCHIKAN GATEWAY,2130,49.5,2020
AK,KODIAK ISLAND,2150,18.0,2020
AK,KUSILVAK,2158,1.0,2020
AK,MATANUSKA SUSITNA,2170,38.0,2020
AK,NOME,2180,3.0,2020
AK,NORTH SLOPE,2185,2.2,2020
AK,NORTHWEST ARCTIC,2188,11.2,2020
AK,PETERSBURG,2195,67.0,2020
AK,PRINCE OF WALES HYDER,2198,18.0,2020
AK,SITKA,2220,14.8,2020
AK,SKAGWAY,2230,10.4,2020
AK,SOUTHEAST FAIRBANKS,2240,14.1,2020
AK,WRANGELL,2275,3.9,2020
AK,YAKUTAT,2282,8.1,2020
AK,YUKON KOYUKUK,2290,2.6,2020
AZ,APACHE,4001,4.9,2020
AZ,COCHISE,4003,34.4,2020
AZ,COCONINO,4005,32.2,2020
AZ,GILA,4007,42.8,2020
AZ,GRAHAM,4009,51.6,2020
AZ,GREENLEE,4011,1.6,2020
AZ,LA PAZ,4012,14.8,2020
AZ,MARICOPA,4013,42.4,2020
AZ,MOHAVE,4015,66.4,2020
AZ,NAVAJO,4017,43.6,2020
AZ,PIMA,4019,46.9,2020
AZ,PINAL,4021,10.5,2020
AZ,SANTA CRUZ,4023,5.9,2020
AZ,YAVAPAI,4025,48.6,2020
AZ,YUMA,4027,28.2,2020
AR,ARKANSAS,5001,70.7,2020
AR,ASHLEY,5003,26.0,2020
AR,BAXTER,5005,136.7,2020
AR,BENTON,5007,37.1,2020
AR,BOONE,5009,67.2,2020
AR,BRADLEY,5011,73.8,2020
AR,CALHOUN,5013,15.3,2020
AR,CARROLL,5015,37.4,2020
AR,CHICOT,5017,90.0,2020
AR,CLARK,5019,54.7,2020
AR,CLAY,5021,72.7,2020
AR,CLEBURNE,5023,53.9,2020
AR,CLEVELAND,5025,4.9,2020
AR,COLUMBIA,5027,51.7,2020
AR,CONWAY,5029,38.2,2020
AR,CRAIGHEAD,5031,164.0,2020
AR,CRAWFORD,5033,51.4,2020
AR,CRITTENDEN,5035,59.6,2020
AR,CROSS,5037,59.7,2020
AR,DALLAS,5039,31.6,2020
AR,DESHA,5041,85.2,2020
AR,DREW,5043,91.2,2020
AR,FAULKNER,5045,64.0,2020
AR,FRANKLIN,5047,40.2,2020
AR,FULTON,5049,62.1,2020
AR,GARLAND,5051,112.9,2020
AR,GRANT,5053,12.6,2020
AR,GREENE,5055,98.8,2020
AR,HEMPSTEAD,5057,40.0,2020
AR,HOT SPRING,5059,38.0,2020
AR,HOWARD,5061,58.5,2020
AR,INDEPENDENCE,5063,132.5,2020
AR,IZARD,5065,70.5,2020
AR,JACKSON,5067,55.0,2020
AR,JEFFERSON,5069,98.7,2020
AR,JOHNSON,5071,52.3,2020
AR,LAFAYETTE,5073,91.5,2020
AR,LAWRENCE,5075,45.2,2020
AR,LEE,5077,82.0,2020
AR,LINCOLN,5079,11.1,2020
AR,LITTLE RIVER,5081,96.4,2020
AR,LOGAN,5083,24.6,2020
AR,LONOKE,5085,16.9,2020
AR,MADISON,5087,29.5,2020
AR,MARION,5089,7.2,2020
AR,MILLER,5091,83.4,2020
AR,MISSISSIPPI,5093,59.5,2020
AR,MONROE,5095,5.9,2020
AR,MONTGOMERY,5097,80.6,2020
AR,NEVADA,5099,21.7,2020
AR,NEWTON,5101,1.4,2020
AR,OUACHITA,5103,70.7,2020
AR,PERRY,5105,12.0,2020
AR,PHILLIPS,5107,84.2,2020
AR,PIKE,5109,30.4,2020
AR,POINSETT,5111,69.0,2020
AR,POLK,5113,52.8,2020
AR,POPE,5115,41.2,2020
AR,PRAIRIE,5117,13.9,2020
AR,PULASKI,5119,141.7,2020
AR,RANDOLPH,5121,20.4,2020
AR,SAINT FRANCIS,5123,47.7,2020
AR,SALINE,5125,38.3,2020
AR,SCOTT,5127,62.0,2020
AR,SEARCY,5129,28.3,2020
AR,SEBASTIAN,5131,121.5,2020
AR,SEVIER,5133,11.7,2020
AR,SHARP,5135,43.7,2020
AR,STONE,5137,71.4,2020
AR,UNION,5139,113.6,2020
AR,VAN BUREN,5141,38.0,2020
AR,WASHINGTON,5143,70.2,2020
AR,WHITE,5145,54.8,2020
AR,WOODRUFF,5147,14.8,2020
AR,YELL,5149,39.7,2020
CA,ALAMEDA,6001,18.2,2020
CA,ALPINE,6003,23.0,2020
CA,AMADOR,6005,31.8,2020
CA,BUTTE,6007,63.0,2020
CA,CALAVERAS,6009,24.7,2020
CA,COLUSA,6011,24.7,2020
CA,CONTRA COSTA,6013,22.9,2020
CA,DEL NORTE,6015,56.1,2020
CA,EL DORADO,6017,28.4,2020
CA,FRESNO,6019,41.9,2020
CA,GLENN,6021,25.2,2020
CA,HUMBOLDT,6023,46.8,2020
CA,IMPERIAL,6025,27.7,2020
CA,INYO,6027,26.6,2020
CA,KERN,6029,35.1,2020
CA,KINGS,6031,36.1,2020
CA,LAKE,6033,27.0,2020
CA,LASSEN,6035,36.3,2020
CA,LOS ANGELES,6037,24.5,2020
CA,MADERA,6039,20.3,2020
CA,MARIN,6041,21.2,2020
CA,MARIPOSA,6043,15.6,2020
CA,MENDOCINO,6045,56.8,2020
CA,MERCED,6047,32.8,2020
CA,MODOC,6049,36.4,2020
CA,MONO,6051,31.8,2020
CA,MONTEREY,6053,25.8,2020
CA,NAPA,6055,22.9,2020
CA,NEVADA,6057,38.7,2020
CA,ORANGE,6059,29.8,2020
CA,PLACER,6061,46.0,2020
CA,PLUMAS,6063,41.7,2020
CA,RIVERSIDE,6065,29.1,2020
CA,SACRAMENTO,6067,34.0,2020
CA,SAN BENITO,6069,12.9,2020
CA,SAN BERNARDINO,6071,34.5,2020
CA,SAN DIEGO,6073,25.5,2020
CA,SAN FRANCISCO,6075,30.5,2020
CA,SAN JOAQUIN,6077,24.7,2020
CA,SAN LUIS OBISPO,6079,42.6,2020
CA,SAN MATEO,6081,17.7,2020
CA,SANTA BARBARA,6083,39.1,2020
CA,SANTA CLARA,6085,18.4,2020
CA,SANTA CRUZ,6087,27.8,2020
CA,SHASTA,6089,60.9,2020
CA,SIERRA,6091,5.6,2020
CA,SISKIYOU,6093,53.5,2020
CA,SOLANO,6095,21.5,2020
CA,SONOMA,6097,31.7,2020
CA,STANISLAUS,6099,54.4,2020
CA,SUTTER,6101,70.1,2020
CA,TEHAMA,6103,35.0,2020
CA,TRINITY,6105,31.7,2020
CA,TULARE,6107,34.9,2020
CA,TUOLUMNE,6109,65.2,2020
CA,VENTURA,6111,30.9,2020
CA,YOLO,6113,22.9,2020
CA,YUBA,6115,29.2,2020
CO,ADAMS,8001,28.0,2020
CO,ALAMOSA,8003,35.8,2020
CO,ARAPAHOE,8005,42.3,2020
CO,ARCHULETA,8007,37.3,2020
CO,BACA,8009,45.2,2020
CO,BENT,8011,50.7,2020
CO,BOULDER,8013,39.8,2020
CO,BROOMFIELD,8014,43.9,2020
CO,CHAFFEE,8015,37.1,2020
CO,CHEYENNE,8017,27.3,2020
CO,CLEAR CREEK,8019,4.7,2020
CO,CONEJOS,8021,29.0,2020
CO,COSTILLA,8023,0.6,2020
CO,CROWLEY,8025,5.3,2020
CO,CUSTER,8027,2.1,2020
CO,DELTA,8029,37.6,2020
CO,DENVER,8031,37.1,2020
CO,DOLORES,8033,76.6,2020
CO,DOUGLAS,8035,26.8,2020
CO,EAGLE,8037,47.8,2020
CO,ELBERT,8039,9.7,2020
CO,EL PASO,8041,47.5,2020
CO,FREMONT,8043,37.4,2020
CO,GARFIELD,8045,30.0,2020
CO,GILPIN,8047,0.1,2020
CO,GRAND,8049,12.5,2020
CO,GUNNISON,8051,21.0,2020
CO,HINSDALE,8053,17.1,2020
CO,HUERFANO,8055,33.8,2020
CO,JACKSON,8057,11.3,2020
CO,JEFFERSON,8059,35.9,2020
CO,KIOWA,8061,25.4,2020
CO,KIT CARSON,8063,24.3,2020
CO,LAKE,8065,11.3,2020
CO,LA PLATA,8067,48.8,2020
CO,LARIMER,8069,39.0,2020
CO,LAS ANIMAS,8071,66.0,2020
CO,LINCOLN,8073,18.5,2020
CO,LOGAN,8075,30.2,2020
CO,MESA,8077,52.9,2020
CO,MOFFAT,8081,33.5,2020
CO,MONTEZUMA,8083,29.8,2020
CO,MONTROSE,8085,37.1,2020
CO,MORGAN,8087,25.0,2020
CO,OTERO,8089,34.2,2020
CO,OURAY,8091,15.9,2020
CO,PARK,8093,0.7,2020
CO,PHILLIPS,8095,31.6,2020
CO,PITKIN,8097,27.9,2020
CO,PROWERS,8099,21.5,2020
CO,PUEBLO,8101,70.1,2020
CO,RIO BLANCO,8103,25.4,2020
CO,RIO GRANDE,8105,62.3,2020
CO,ROUTT,8107,37.8,2020
CO,SAGUACHE,8109,0.0,2020
CO,SAN MIGUEL,8113,16.7,2020
CO,SEDGWICK,8115,63.3,2020
CO,SUMMIT,8117,28.2,2020
CO,TELLER,8119,15.2,2020
CO,WASHINGTON,8121,4.4,2020
CO,WELD,8123,22.3,2020
CO,YUMA,8125,31.3,2020
CT,FAIRFIELD,9001,33.7,2020
CT,HARTFORD,9003,39.0,2020
CT,LITCHFIELD,9005,22.8,2020
CT,MIDDLESEX,9007,26.2,2020
CT,NEW HAVEN,9009,48.9,2020
CT,NEW LONDON,9011,35.4,2020
CT,TOLLAND,9013,17.8,2020
CT,WINDHAM,9015,28.4,2020
DE,KENT,10001,29.7,2020
DE,NEW CASTLE,10003,46.8,2020
DE,SUSSEX,10005,53.3,2020
DC,DISTRICT OF COLUMBIA,11001,32.6,2020
FL,ALACHUA,12001,94.2,2020
FL,BAKER,12003,13.0,2020
FL,BAY,12005,69.2,2020
FL,BRADFORD,12007,22.2,2020
FL,BREVARD,12009,53.5,2020
FL,BROWARD,12011,32.7,2020
FL,CALHOUN,12013,31.3,2020
FL,CHARLOTTE,12015,61.8,2020
FL,CITRUS,12017,51.0,2020
FL,CLAY,12019,47.2,2020
FL,COLLIER,12021,38.3,2020
FL,COLUMBIA,12023,37.8,2020
FL,DE SOTO,12027,8.5,2020
FL,DIXIE,12029,9.9,2020
FL,DUVAL,12031,76.5,2020
FL,ESCAMBIA,12033,81.9,2020
FL,FLAGLER,12035,29.4,2020
FL,FRANKLIN,12037,22.6,2020
FL,GADSDEN,12039,8.5,2020
FL,GILCHRIST,12041,6.7,2020
FL,GULF,12045,49.0,2020
FL,HAMILTON,12047,5.8,2020
FL,HARDEE,12049,5.1,2020
FL,HENDRY,12051,11.3,2020
FL,HERNANDO,12053,70.6,2020
FL,HIGHLANDS,12055,36.6,2020
FL,HILLSBOROUGH,12057,47.6,2020
FL,HOLMES,12059,54.3,2020
FL,INDIAN RIVER,12061,59.7,2020
FL,JACKSON,12063,44.6,2020
FL,JEFFERSON,12065,2.9,2020
FL,LAFAYETTE,12067,22.4,2020
FL,LAKE,12069,45.4,2020
FL,LEE,12071,41.5,2020
FL,LEON,12073,61.4,2020
FL,LEVY,12075,55.0,2020
FL,LIBERTY,12077,2.0,2020
FL,MADISON,12079,17.5,2020
FL,MANATEE,12081,36.6,2020
FL,MARION,12083,58.4,2020
FL,MARTIN,12085,56.9,2020
FL,MIAMI-DADE,12086,23.6,2020
FL,MONROE,12087,34.3,2020
FL,NASSAU,12089,31.5,2020
FL,OKALOOSA,12091,43.0,2020
FL,OKEECHOBEE,12093,61.7,2020
FL,ORANGE,12095,35.7,2020
FL,OSCEOLA,12097,23.3,2020
FL,PALM BEACH,12099,41.7,2020
FL,PASCO,12101,60.4,2020
FL,PINELLAS,12103,65.2,2020
FL,POLK,12105,33.7,2020
FL,PUTNAM,12107,34.6,2020
FL,SAINT JOHNS,12109,30.4,2020
FL,SAINT LUCIE,12111,33.9,2020
FL,SANTA ROSA,12113,46.7,2020
FL,SARASOTA,12115,53.5,2020
FL,SEMINOLE,12117,37.9,2020
FL,SUMTER,12119,14.0,2020
FL,SUWANNEE,12121,16.0,2020
FL,TAYLOR,12123,47.9,2020
FL,UNION,12125,18.4,2020
FL,VOLUSIA,12127,48.4,2020
FL,WAKULLA,12129,9.4,2020
FL,WALTON,12131,29.4,2020
FL,WASHINGTON,12133,31.9,2020
GA,APPLING,13001,41.9,2020
GA,ATKINSON,13003,58.1,2020
GA,BACON,13005,131.3,2020
GA,BAKER,13007,42.3,2020
GA,BALDWIN,13009,42.2,2020
GA,BANKS,13011,10.6,2020
GA,BARROW,13013,63.5,2020
GA,BARTOW,13015,63.6,2020
GA,BEN HILL,13017,70.0,2020
GA,BERRIEN,13019,14.3,2020
GA,BIBB,13021,125.6,2020
GA,BLECKLEY,13023,36.6,2020
GA,BRANTLEY,13025,6.5,2020
GA,BROOKS,13027,97.6,2020
GA,BRYAN,13029,23.9,2020
GA,BULLOCH,13031,81.9,2020
GA,BURKE,13033,38.0,2020
GA,BUTTS,13035,36.8,2020
GA,CALHOUN,13037,12.1,2020
GA,CAMDEN,13039,31.1,2020
GA,CANDLER,13043,73.5,2020
GA,CARROLL,13045,73.3,2020
GA,CATOOSA,13047,33.9,2020
GA,CHARLTON,13049,57.2,2020
GA,CHATHAM,13051,76.4,2020
GA,CHATTAHOOCHEE,13053,0.9,2020
GA,CHATTOOGA,13055,29.5,2020
GA,CHEROKEE,13057,53.9,2020
GA,CLARKE,13059,136.3,2020
GA,CLAY,13061,15.3,2020
GA,CLAYTON,13063,21.0,2020
GA,CLINCH,13065,71.5,2020
GA,COBB,13067,38.8,2020
GA,COFFEE,13069,142.4,2020
GA,COLQUITT,13071,86.2,2020
GA,COLUMBIA,13073,58.5,2020
GA,COOK,13075,43.9,2020
GA,COWETA,13077,55.6,2020
GA,CRAWFORD,13079,48.3,2020
GA,CRISP,13081,90.0,2020
GA,DADE,13083,8.9,2020
GA,DAWSON,13085,35.3,2020
GA,DECATUR,13087,74.5,2020
GA,DEKALB,13089,43.2,2020
GA,DODGE,13091,28.4,2020
GA,DOOLY,13093,1.3,2020
GA,DOUGHERTY,13095,112.3,2020
GA,DOUGLAS,13097,43.8,2020
GA,EARLY,13099,55.5,2020
GA,EFFINGHAM,13103,20.9,2020
GA,ELBERT,13105,57.1,2020
GA,EMANUEL,13107,63.3,2020
GA,EVANS,13109,43.9,2020
GA,FANNIN,13111,75.7,2020
GA,FAYETTE,13113,71.3,2020
GA,FLOYD,13115,148.7,2020
GA,FORSYTH,13117,27.3,2020
GA,FRANKLIN,13119,37.5,2020
GA,FULTON,13121,65.0,2020
GA,GILMER,13123,50.5,2020
GA,GLYNN,13127,73.6,2020
GA,GORDON,13129,68.9,2020
GA,GRADY,13131,35.3,2020
GA,GREENE,13133,49.1,2020
GA,GWINNETT,13135,29.2,2020
GA,HABERSHAM,13137,27.2,2020
GA,HALL,13139,77.6,2020
GA,HANCOCK,13141,10.1,2020
GA,HARALSON,13143,43.4,2020
GA,HARRIS,13145,4.2,2020
GA,HART,13147,34.0,2020
GA,HEARD,13149,0.1,2020
GA,HENRY,13151,41.8,2020
GA,HOUSTON,13153,56.0,2020
GA,IRWIN,13155,30.7,2020
GA,JACKSON,13157,46.9,2020
GA,JASPER,13159,22.8,2020
GA,JEFF DAVIS,13161,31.6,2020
GA,JEFFERSON,13163,40.9,2020
GA,JENKINS,13165,32.5,2020
GA,JOHNSON,13167,18.9,2020
GA,JONES,13169,24.5,2020
GA,LAMAR,13171,16.4,2020
GA,LANIER,13173,26.5,2020
GA,LAURENS,13175,96.3,2020
GA,LEE,13177,28.7,2020
GA,LIBERTY,13179,32.6,2020
GA,LINCOLN,13181,65.1,2020
GA,LONG,13183,0.2,2020
GA,LOWNDES,13185,70.3,2020
GA,LUMPKIN,13187,22.5,2020
GA,MCDUFFIE,13189,64.1,2020
GA,MCINTOSH,13191,4.9,2020
GA,MACON,13193,25.6,2020
GA,MADISON,13195,5.5,2020
GA,MARION,13197,1.6,2020
GA,MERIWETHER,13199,35.0,2020
GA,MILLER,13201,74.6,2020
GA,MITCHELL,13205,38.5,2020
GA,MONROE,13207,22.8,2020
GA,MONTGOMERY,13209,13.7,2020
GA,MORGAN,13211,22.2,2020
GA,MURRAY,13213,30.9,2020
GA,MUSCOGEE,13215,102.4,2020
GA,NEWTON,13217,37.0,2020
GA,OCONEE,13219,39.8,2020
GA,OGLETHORPE,13221,3.6,2020
GA,PAULDING,13223,25.5,2020
GA,PEACH,13225,46.1,2020
GA,PICKENS,13227,32.8,2020
GA,PIERCE,13229,35.5,2020
GA,PIKE,13231,5.0,2020
GA,POLK,13233,29.5,2020
GA,PULASKI,13235,28.7,2020
GA,PUTNAM,13237,14.3,2020
GA,QUITMAN,13239,0.7,2020
GA,RABUN,13241,73.8,2020
GA,RANDOLPH,13243,21.5,2020
GA,RICHMOND,13245,90.4,2020
GA,ROCKDALE,13247,50.6,2020
GA,SCHLEY,13249,13.5,2020
GA,SCREVEN,13251,21.0,2020
GA,SEMINOLE,13253,120.4,2020
GA,SPALDING,13255,92.1,2020
GA,STEPHENS,13257,64.6,2020
GA,STEWART,13259,24.6,2020
GA,SUMTER,13261,73.1,2020
GA,TALBOT,13263,3.3,2020
GA,TATTNALL,13267,36.5,2020
GA,TAYLOR,13269,3.5,2020
GA,TELFAIR,13271,8.5,2020
GA,TERRELL,13273,6.7,2020
GA,THOMAS,13275,124.2,2020
GA,TIFT,13277,181.6,2020
GA,TOOMBS,13279,55.4,2020
GA,TOWNS,13281,76.2,2020
GA,TREUTLEN,13283,0.3,2020
GA,TROUP,13285,79.3,2020
GA,TURNER,13287,39.7,2020
GA,TWIGGS,13289,0.2,2020
GA,UNION,13291,60.0,2020
GA,UPSON,13293,90.5,2020
GA,WALKER,13295,13.0,2020
GA,WALTON,13297,22.3,2020
GA,WARE,13299,160.1,2020
GA,WARREN,13301,6.3,2020
GA,WASHINGTON,13303,22.4,2020
GA,WAYNE,13305,100.6,2020
GA,WEBSTER,13307,0.9,2020
GA,WHEELER,13309,0.0,2020
GA,WHITE,13311,19.1,2020
GA,WHITFIELD,13313,75.7,2020
GA,WILCOX,13315,2.4,2020
GA,WILKES,13317,43.6,2020
GA,WILKINSON,13319,53.3,2020
GA,WORTH,13321,30.5,2020
HI,HAWAII,15001,36.9,2020
HI,HONOLULU,15003,24.8,2020
HI,KAUAI,15007,29.7,2020
HI,MAUI,15009,28.8,2020
ID,ADA,16001,54.9,2020
ID,ADAMS,16003,13.2,2020
ID,BANNOCK,16005,77.5,2020
ID,BEAR LAKE,16007,66.3,2020
ID,BENEWAH,16009,20.8,2020
ID,BINGHAM,16011,58.1,2020
ID,BLAINE,16013,21.8,2020
ID,BOISE,16015,9.2,2020
ID,BONNER,16017,42.5,2020
ID,BONNEVILLE,16019,72.0,2020
ID,BOUNDARY,16021,33.7,2020
ID,BUTTE,16023,118.2,2020
ID,CANYON,16027,27.1,2020
ID,CARIBOU,16029,101.3,2020
ID,CASSIA,16031,60.4,2020
ID,CLEARWATER,16035,13.4,2020
ID,CUSTER,16037,8.4,2020
ID,ELMORE,16039,23.4,2020
ID,FRANKLIN,16041,51.3,2020
ID,FREMONT,16043,15.1,2020
ID,GEM,16045,24.3,2020
ID,GOODING,16047,25.9,2020
ID,IDAHO,16049,27.6,2020
ID,JEFFERSON,16051,17.6,2020
ID,JEROME,16053,25.3,2020
ID,KOOTENAI,16055,59.0,2020
ID,LATAH,16057,26.5,2020
ID,LEMHI,16059,32.7,2020
ID,LEWIS,16061,14.1,2020
ID,LINCOLN,16063,13.4,2020
ID,MADISON,16065,27.7,2020
ID,MINIDOKA,16067,18.2,2020
ID,NEZ PERCE,16069,123.1,2020
ID,ONEIDA,16071,63.9,2020
ID,OWYHEE,16073,6.6,2020
ID,PAYETTE,16075,50.7,2020
ID,POWER,16077,41.2,2020
ID,SHOSHONE,16079,31.5,2020
ID,TETON,16081,21.3,2020
ID,TWIN FALLS,16083,84.4,2020
ID,VALLEY,16085,21.0,2020
ID,WASHINGTON,16087,48.1,2020
IL,ADAMS,17001,91.4,2020
IL,ALEXANDER,17003,56.0,2020
IL,BOND,17005,25.3,2020
IL,BOONE,17007,27.1,2020
IL,BROWN,17009,42.5,2020
IL,BUREAU,17011,51.6,2020
IL,CALHOUN,17013,5.6,2020
IL,CARROLL,17015,15.6,2020
IL,CASS,17017,9.2,2020
IL,CHAMPAIGN,17019,46.6,2020
IL,CHRISTIAN,17021,24.6,2020
IL,CLARK,17023,49.9,2020
IL,CLAY,17025,16.4,2020
IL,CLINTON,17027,12.6,2020
IL,COLES,17029,61.9,2020
IL,COOK,17031,36.1,2020
IL,CRAWFORD,17033,9.5,2020
IL,CUMBERLAND,17035,19.2,2020
IL,DEKALB,17037,27.4,2020
IL,DE WITT,17039,23.5,2020
IL,DOUGLAS,17041,13.3,2020
IL,DUPAGE,17043,43.0,2020
IL,EDGAR,17045,35.1,2020
IL,EDWARDS,17047,36.9,2020
IL,EFFINGHAM,17049,63.3,2020
IL,FAYETTE,17051,18.8,2020
IL,FORD,17053,19.1,2020
IL,FRANKLIN,17055,29.0,2020
IL,FULTON,17057,49.5,2020
IL,GALLATIN,17059,14.3,2020
IL,GREENE,17061,36.1,2020
IL,GRUNDY,17063,47.1,2020
IL,HAMILTON,17065,10.5,2020
IL,HANCOCK,17067,34.5,2020
IL,HARDIN,17069,159.5,2020
IL,HENDERSON,17071,5.1,2020
IL,HENRY,17073,24.9,2020
IL,IROQUOIS,17075,36.9,2020
IL,JACKSON,17077,98.3,2020
IL,JASPER,17079,19.9,2020
IL,JEFFERSON,17081,96.1,2020
IL,JERSEY,17083,68.3,2020
IL,JO DAVIESS,17085,25.4,2020
IL,JOHNSON,17087,13.1,2020
IL,KANE,17089,21.1,2020
IL,KANKAKEE,17091,55.1,2020
IL,KENDALL,17093,11.3,2020
IL,KNOX,17095,63.3,2020
IL,LAKE,17097,35.0,2020
IL,LA SALLE,17099,28.7,2020
IL,LAWRENCE,17101,42.5,2020
IL,LEE,17103,23.4,2020
IL,LIVINGSTON,17105,44.0,2020
IL,LOGAN,17107,30.1,2020
IL,MCDONOUGH,17109,49.4,2020
IL,MCHENRY,17111,27.6,2020
IL,MCLEAN,17113,50.9,2020
IL,MACON,17115,70.9,2020
IL,MACOUPIN,17117,22.2,2020
IL,MADISON,17119,54.6,2020
IL,MARION,17121,55.5,2020
IL,MARSHALL,17123,20.8,2020
IL,MASON,17125,22.7,2020
IL,MASSAC,17127,86.3,2020
IL,MENARD,17129,1.0,2020
IL,MERCER,17131,21.3,2020
IL,MONROE,17133,21.7,2020
IL,MONTGOMERY,17135,49.1,2020
IL,MORGAN,17137,53.6,2020
IL,MOULTRIE,17139,7.2,2020
IL,OGLE,17141,16.2,2020
IL,PEORIA,17143,98.8,2020
IL,PERRY,17145,59.3,2020
IL,PIATT,17147,25.5,2020
IL,PIKE,17149,41.0,2020
IL,POPE,17151,22.0,2020
IL,PUTNAM,17155,36.5,2020
IL,RANDOLPH,17157,39.1,2020
IL,RICHLAND,17159,41.9,2020
IL,ROCK ISLAND,17161,46.1,2020
IL,SAINT CLAIR,17163,53.1,2020
IL,SALINE,17165,129.7,2020
IL,SANGAMON,17167,84.9,2020
IL,SCHUYLER,17169,30.8,2020
IL,SCOTT,17171,3.1,2020
IL,SHELBY,17173,15.7,2020
IL,STARK,17175,0.6,2020
IL,STEPHENSON,17177,49.6,2020
IL,TAZEWELL,17179,29.6,2020
IL,UNION,17181,69.2,2020
IL,VERMILION,17183,50.2,2020
IL,WABASH,17185,35.7,2020
IL,WARREN,17187,32.3,2020
IL,WASHINGTON,17189,25.1,2020
IL,WAYNE,17191,56.2,2020
IL,WHITE,17193,29.1,2020
IL,WHITESIDE,17195,35.0,2020
IL,WILL,17197,31.2,2020
IL,WILLIAMSON,17199,90.0,2020
IL,WINNEBAGO,17201,66.2,2020
IL,WOODFORD,17203,30.6,2020
IN,ADAMS,18001,26.0,2020
IN,ALLEN,18003,80.6,2020
IN,BARTHOLOMEW,18005,52.1,2020
IN,BENTON,18007,7.8,2020
IN,BLACKFORD,18009,25.4,2020
IN,BOONE,18011,39.9,2020
IN,BROWN,18013,17.2,2020
IN,CARROLL,18015,7.0,2020
IN,CASS,18017,18.8,2020
IN,CLARK,18019,80.3,2020
IN,CLAY,18021,20.6,2020
IN,CLINTON,18023,14.3,2020
IN,CRAWFORD,18025,10.2,2020
IN,DAVIESS,18027,32.8,2020
IN,DEARBORN,18029,73.7,2020
IN,DECATUR,18031,42.8,2020
IN,DE KALB,18033,19.1,2020
IN,DELAWARE,18035,83.1,2020
IN,DUBOIS,18037,61.3,2020
IN,ELKHART,18039,41.2,2020
IN,FAYETTE,18041,31.2,2020
IN,FLOYD,18043,119.2,2020
IN,FOUNTAIN,18045,18.6,2020
IN,FRANKLIN,18047,25.6,2020
IN,FULTON,18049,34.3,2020
IN,GIBSON,18051,35.9,2020
IN,GRANT,18053,34.8,2020
IN,GREENE,18055,37.1,2020
IN,HAMILTON,18057,41.5,2020
IN,HANCOCK,18059,31.0,2020
IN,HARRISON,18061,60.2,2020
IN,HENDRICKS,18063,41.9,2020
IN,HENRY,18065,46.3,2020
IN,HOWARD,18067,70.3,2020
IN,HUNTINGTON,18069,15.3,2020
IN,JACKSON,18071,59.5,2020
IN,JASPER,18073,71.7,2020
IN,JAY,18075,15.9,2020
IN,JEFFERSON,18077,61.9,2020
IN,JENNINGS,18079,21.5,2020
IN,JOHNSON,18081,67.0,2020
IN,KNOX,18083,98.5,2020
IN,KOSCIUSKO,18085,19.2,2020
IN,LAGRANGE,18087,10.1,2020
IN,LAKE,18089,62.0,2020
IN,LA PORTE,18091,52.9,2020
IN,LAWRENCE,18093,34.7,2020
IN,MADISON,18095,60.0,2020
IN,MARION,18097,67.2,2020
IN,MARSHALL,18099,23.2,2020
IN,MARTIN,18101,46.9,2020
IN,MIAMI,18103,23.5,2020
IN,MONROE,18105,61.5,2020
IN,MONTGOMERY,18107,23.7,2020
IN,MORGAN,18109,39.9,2020
IN,NEWTON,18111,2.6,2020
IN,NOBLE,18113,17.4,2020
IN,OHIO,18115,53.3,2020
IN,ORANGE,18117,27.7,2020
IN,OWEN,18119,23.9,2020
IN,PARKE,18121,38.5,2020
IN,PERRY,18123,21.6,2020
IN,PIKE,18125,38.8,2020
IN,PORTER,18127,53.0,2020
IN,POSEY,18129,49.5,2020
IN,PULASKI,18131,31.7,2020
IN,PUTNAM,18133,25.9,2020
IN,RANDOLPH,18135,54.2,2020
IN,RIPLEY,18137,35.3,2020
IN,RUSH,18139,21.4,2020
IN,SAINT JOSEPH,18141,67.1,2020
IN,SCOTT,18143,147.1,2020
IN,SHELBY,18145,26.1,2020
IN,SPENCER,18147,17.5,2020
IN,STARKE,18149,51.7,2020
IN,STEUBEN,18151,28.8,2020
IN,SULLIVAN,18153,52.2,2020
IN,SWITZERLAND,18155,5.5,2020
IN,TIPPECANOE,18157,56.2,2020
IN,TIPTON,18159,25.9,2020
IN,UNION,18161,26.5,2020
IN,VANDERBURGH,18163,146.1,2020
IN,VERMILLION,18165,15.6,2020
IN,VIGO,18167,81.3,2020
IN,WABASH,18169,22.7,2020
IN,WARREN,18171,3.1,2020
IN,WARRICK,18173,63.6,2020
IN,WASHINGTON,18175,32.9,2020
IN,WAYNE,18177,74.7,2020
IN,WELLS,18179,40.0,2020
IN,WHITE,18181,12.2,2020
IN,WHITLEY,18183,21.2,2020
IA,ADAIR,19001,13.8,2020
IA,ADAMS,19003,16.2,2020
IA,ALLAMAKEE,19005,27.5,2020
IA,APPANOOSE,19007,40.1,2020
IA,AUDUBON,19009,34.5,2020
IA,BENTON,19011,16.8,2020
IA,BLACK HAWK,19013,54.7,2020
IA,BOONE,19015,25.6,2020
IA,BREMER,19017,24.6,2020
IA,BUCHANAN,19019,12.9,2020
IA,BUENA VISTA,19021,28.1,2020
IA,BUTLER,19023,11.1,2020
IA,CALHOUN,19025,52.0,2020
IA,CARROLL,19027,45.3,2020
IA,CASS,19029,42.4,2020
IA,CEDAR,19031,18.2,2020
IA,CERRO GORDO,19033,69.5,2020
IA,CHEROKEE,19035,21.5,2020
IA,CHICKASAW,19037,6.0,2020
IA,CLARKE,19039,17.6,2020
IA,CLAY,19041,60.2,2020
IA,CLAYTON,19043,11.2,2020
IA,CLINTON,19045,36.6,2020
IA,CRAWFORD,19047,28.5,2020
IA,DALLAS,19049,10.7,2020
IA,DAVIS,19051,35.9,2020
IA,DECATUR,19053,49.7,2020
IA,DELAWARE,19055,24.3,2020
IA,DES MOINES,19057,47.3,2020
IA,DICKINSON,19059,25.0,2020
IA,DUBUQUE,19061,36.1,2020
IA,EMMET,19063,27.2,2020
IA,FAYETTE,19065,20.2,2020
IA,FLOYD,19067,38.3,2020
IA,FRANKLIN,19069,5.6,2020
IA,FREMONT,19071,22.4,2020
IA,GREENE,19073,43.3,2020
IA,GRUNDY,19075,33.8,2020
IA,GUTHRIE,19077,36.4,2020
IA,HAMILTON,19079,49.8,2020
IA,HANCOCK,19081,29.7,2020
IA,HARDIN,19083,35.8,2020
IA,HARRISON,19085,36.6,2020
IA,HENRY,19087,30.8,2020
IA,HOWARD,19089,10.3,2020
IA,HUMBOLDT,19091,21.5,2020
IA,IDA,19093,36.1,2020
IA,IOWA,19095,22.2,2020
IA,JACKSON,19097,13.8,2020
IA,JASPER,19099,33.3,2020
IA,JEFFERSON,19101,37.6,2020
IA,JOHNSON,19103,67.9,2020
IA,JONES,19105,17.3,2020
IA,KEOKUK,19107,4.3,2020
IA,KOSSUTH,19109,15.2,2020
IA,LEE,19111,34.6,2020
IA,LINN,19113,33.6,2020
IA,LOUISA,19115,12.1,2020
IA,LUCAS,19117,40.9,2020
IA,LYON,19119,20.0,2020
IA,MADISON,19121,28.0,2020
IA,MAHASKA,19123,40.9,2020
IA,MARION,19125,34.7,2020
IA,MARSHALL,19127,33.1,2020
IA,MILLS,19129,35.6,2020
IA,MITCHELL,19131,18.7,2020
IA,MONONA,19133,37.9,2020
IA,MONROE,19135,84.1,2020
IA,MONTGOMERY,19137,34.6,2020
IA,MUSCATINE,19139,29.8,2020
IA,OBRIEN,19141,41.2,2020
IA,OSCEOLA,19143,12.8,2020
IA,PAGE,19145,47.7,2020
IA,PALO ALTO,19147,8.6,2020
IA,PLYMOUTH,19149,19.4,2020
IA,POCAHONTAS,19151,18.4,2020
IA,POLK,19153,60.2,2020
IA,POTTAWATTAMIE,19155,40.3,2020
IA,POWESHIEK,19157,35.0,2020
IA,RINGGOLD,19159,46.9,2020
IA,SAC,19161,21.7,2020
IA,SCOTT,19163,54.4,2020
IA,SHELBY,19165,33.1,2020
IA,SIOUX,19167,18.9,2020
IA,STORY,19169,30.1,2020
IA,TAMA,19171,23.5,2020
IA,TAYLOR,19173,60.2,2020
IA,UNION,19175,54.8,2020
IA,VAN BUREN,19177,37.7,2020
IA,WAPELLO,19179,37.7,2020
IA,WARREN,19181,20.1,2020
IA,WASHINGTON,19183,23.4,2020
IA,WAYNE,19185,95.9,2020
IA,WEBSTER,19187,50.6,2020
IA,WINNEBAGO,19189,33.5,2020
IA,WINNESHIEK,19191,21.9,2020
IA,WOODBURY,19193,44.3,2020
IA,WORTH,19195,1.5,2020
IA,WRIGHT,19197,29.8,2020
KS,ALLEN,20001,83.3,2020
KS,ANDERSON,20003,7.9,2020
KS,ATCHISON,20005,52.7,2020
KS,BARBER,20007,24.1,2020
KS,BARTON,20009,62.2,2020
KS,BOURBON,20011,62.6,2020
KS,BROWN,20013,73.5,2020
KS,BUTLER,20015,61.7,2020
KS,CHASE,20017,13.6,2020
KS,CHAUTAUQUA,20019,38.0,2020
KS,CHEROKEE,20021,35.8,2020
KS,CHEYENNE,20023,150.1,2020
KS,CLARK,20025,55.2,2020
KS,CLAY,20027,67.0,2020
KS,CLOUD,20029,12.3,2020
KS,COFFEY,20031,85.1,2020
KS,COMANCHE,20033,9.5,2020
KS,COWLEY,20035,57.8,2020
KS,CRAWFORD,20037,71.7,2020
KS,DECATUR,20039,29.9,2020
KS,DICKINSON,20041,48.7,2020
KS,DONIPHAN,20043,2.8,2020
KS,DOUGLAS,20045,41.9,2020
KS,EDWARDS,20047,54.6,2020
KS,ELK,20049,1.6,2020
KS,ELLIS,20051,56.5,2020
KS,ELLSWORTH,20053,59.5,2020
KS,FINNEY,20055,30.4,2020
KS,FORD,20057,69.7,2020
KS,FRANKLIN,20059,40.9,2020
KS,GEARY,20061,38.9,2020
KS,GOVE,20063,24.1,2020
KS,GRAHAM,20065,13.9,2020
KS,GRANT,20067,23.3,2020
KS,GRAY,20069,22.7,2020
KS,GREELEY,20071,117.6,2020
KS,GREENWOOD,20073,15.2,2020
KS,HAMILTON,20075,6.0,2020
KS,HARPER,20077,38.7,2020
KS,HARVEY,20079,72.8,2020
KS,HASKELL,20081,18.0,2020
KS,HODGEMAN,20083,23.5,2020
KS,JACKSON,20085,25.3,2020
KS,JEFFERSON,20087,13.0,2020
KS,JEWELL,20089,0.2,2020
KS,JOHNSON,20091,55.9,2020
KS,KEARNY,20093,70.4,2020
KS,KINGMAN,20095,24.7,2020
KS,KIOWA,20097,74.4,2020
KS,LABETTE,20099,63.8,2020
KS,LANE,20101,38.5,2020
KS,LEAVENWORTH,20103,27.4,2020
KS,LINCOLN,20105,6.3,2020
KS,LINN,20107,9.8,2020
KS,LOGAN,20109,44.1,2020
KS,LYON,20111,39.7,2020
KS,MCPHERSON,20113,34.5,2020
KS,MARION,20115,8.5,2020
KS,MARSHALL,20117,32.5,2020
KS,MEADE,20119,26.5,2020
KS,MIAMI,20121,23.3,2020
KS,MITCHELL,20123,66.5,2020
KS,MONTGOMERY,20125,42.6,2020
KS,MORRIS,20127,11.3,2020
KS,MORTON,20129,102.8,2020
KS,NEMAHA,20131,14.5,2020
KS,NEOSHO,20133,81.4,2020
KS,NESS,20135,52.7,2020
KS,NORTON,20137,70.1,2020
KS,OSAGE,20139,17.4,2020
KS,OSBORNE,20141,61.3,2020
KS,OTTAWA,20143,14.1,2020
KS,PAWNEE,20145,19.0,2020
KS,PHILLIPS,20147,49.8,2020
KS,POTTAWATOMIE,20149,10.3,2020
KS,PRATT,20151,96.3,2020
KS,RAWLINS,20153,38.9,2020
KS,RENO,20155,71.6,2020
KS,REPUBLIC,20157,13.9,2020
KS,RICE,20159,12.3,2020
KS,RILEY,20161,40.6,2020
KS,ROOKS,20163,54.4,2020
KS,RUSH,20165,42.6,2020
KS,RUSSELL,20167,84.6,2020
KS,SALINE,20169,94.3,2020
KS,SCOTT,20171,77.3,2020
KS,SEDGWICK,20173,88.6,2020
KS,SEWARD,20175,54.8,2020
KS,SHAWNEE,20177,55.6,2020
KS,SHERIDAN,20179,19.0,2020
KS,SHERMAN,20181,33.3,2020
KS,SMITH,20183,89.7,2020
KS,STAFFORD,20185,21.6,2020
KS,STANTON,20187,105.8,2020
KS,STEVENS,20189,11.5,2020
KS,SUMNER,20191,48.7,2020
KS,THOMAS,20193,55.9,2020
KS,TREGO,20195,117.2,2020
KS,WABAUNSEE,20197,5.7,2020
KS,WALLACE,20199,3.1,2020
KS,WASHINGTON,20201,47.0,2020
KS,WICHITA,20203,12.2,2020
KS,WILSON,20205,109.1,2020
KS,WOODSON,20207,11.3,2020
KS,WYANDOTTE,20209,98.1,2020
KY,ADAIR,21001,51.0,2020
KY,ALLEN,21003,33.5,2020
KY,ANDERSON,21005,23.1,2020
KY,BALLARD,21007,4.2,2020
KY,BARREN,21009,78.3,2020
KY,BATH,21011,6.1,2020
KY,BELL,21013,140.0,2020
KY,BOONE,21015,40.4,2020
KY,BOURBON,21017,34.3,2020
KY,BOYD,21019,93.7,2020
KY,BOYLE,21021,94.4,2020
KY,BRACKEN,21023,27.6,2020
KY,BREATHITT,21025,64.3,2020
KY,BRECKINRIDGE,21027,23.3,2020
KY,BULLITT,21029,16.5,2020
KY,BUTLER,21031,26.6,2020
KY,CALDWELL,21033,35.1,2020
KY,CALLOWAY,21035,50.0,2020
KY,CAMPBELL,21037,38.5,2020
KY,CARLISLE,21039,77.6,2020
KY,CARROLL,21041,44.1,2020
KY,CARTER,21043,25.8,2020
KY,CASEY,21045,30.3,2020
KY,CHRISTIAN,21047,33.6,2020
KY,CLARK,21049,188.1,2020
KY,CLAY,21051,138.3,2020
KY,CLINTON,21053,62.0,2020
KY,CRITTENDEN,21055,58.1,2020
KY,CUMBERLAND,21057,64.8,2020
KY,DAVIESS,21059,73.3,2020
KY,EDMONSON,21061,14.9,2020
KY,ELLIOTT,21063,4.2,2020
KY,ESTILL,21065,39.1,2020
KY,FAYETTE,21067,115.3,2020
KY,FLEMING,21069,38.2,2020
KY,FLOYD,21071,133.4,2020
KY,FRANKLIN,21073,48.7,2020
KY,FULTON,21075,19.2,2020
KY,GALLATIN,21077,75.3,2020
KY,GARRARD,21079,26.9,2020
KY,GRANT,21081,18.4,2020
KY,GRAVES,21083,28.7,2020
KY,GRAYSON,21085,53.8,2020
KY,GREEN,21087,24.7,2020
KY,GREENUP,21089,29.6,2020
KY,HANCOCK,21091,2.6,2020
KY,HARDIN,21093,67.1,2020
KY,HARLAN,21095,63.2,2020
KY,HARRISON,21097,49.6,2020
KY,HART,21099,12.3,2020
KY,HENDERSON,21101,63.6,2020
KY,HENRY,21103,25.6,2020
KY,HICKMAN,21105,48.3,2020
KY,HOPKINS,21107,89.7,2020
KY,JACKSON,21109,5.9,2020
KY,JEFFERSON,21111,86.5,2020
KY,JESSAMINE,21113,34.3,2020
KY,JOHNSON,21115,109.8,2020
KY,KENTON,21117,79.4,2020
KY,KNOTT,21119,45.9,2020
KY,KNOX,21121,61.2,2020
KY,LARUE,21123,25.4,2020
KY,LAUREL,21125,88.9,2020
KY,LAWRENCE,21127,44.5,2020
KY,LEE,21129,85.4,2020
KY,LESLIE,21131,36.0,2020
KY,LETCHER,21133,33.8,2020
KY,LEWIS,21135,17.3,2020
KY,LINCOLN,21137,9.7,2020
KY,LIVINGSTON,21139,31.3,2020
KY,LOGAN,21141,21.6,2020
KY,LYON,21143,47.9,2020
KY,MCCRACKEN,21145,244.4,2020
KY,MCCREARY,21147,26.6,2020
KY,MCLEAN,21149,9.9,2020
KY,MADISON,21151,29.7,2020
KY,MAGOFFIN,21153,68.3,2020
KY,MARION,21155,40.5,2020
KY,MARSHALL,21157,37.1,2020
KY,MARTIN,21159,76.4,2020
KY,MASON,21161,50.4,2020
KY,MEADE,21163,7.1,2020
KY,MENIFEE,21165,14.1,2020
KY,MERCER,21167,19.4,2020
KY,METCALFE,21169,16.6,2020
KY,MONROE,21171,36.5,2020
KY,MONTGOMERY,21173,64.2,2020
KY,MORGAN,21175,50.0,2020
KY,MUHLENBERG,21177,40.7,2020
KY,NELSON,21179,39.6,2020
KY,NICHOLAS,21181,1.2,2020
KY,OHIO,21183,82.2,2020
KY,OLDHAM,21185,17.6,2020
KY,OWEN,21187,10.3,2020
KY,OWSLEY,21189,192.2,2020
KY,PENDLETON,21191,23.3,2020
KY,PERRY,21193,316.5,2020
KY,PIKE,21195,119.9,2020
KY,POWELL,21197,59.2,2020
KY,PULASKI,21199,53.2,2020
KY,ROCKCASTLE,21203,48.0,2020
KY,ROWAN,21205,57.6,2020
KY,RUSSELL,21207,40.9,2020
KY,SCOTT,21209,37.0,2020
KY,SHELBY,21211,25.5,2020
KY,SIMPSON,21213,24.5,2020
KY,SPENCER,21215,7.1,2020
KY,TAYLOR,21217,47.2,2020
KY,TODD,21219,6.2,2020
KY,TRIGG,21221,13.9,2020
KY,TRIMBLE,21223,36.2,2020
KY,UNION,21225,39.2,2020
KY,WARREN,21227,88.0,2020
KY,WASHINGTON,21229,13.7,2020
KY,WAYNE,21231,102.9,2020
KY,WEBSTER,21233,44.4,2020
KY,WHITLEY,21235,132.8,2020
KY,WOLFE,21237,76.6,2020
KY,WOODFORD,21239,31.3,2020
LA,ACADIA,22001,28.4,2020
LA,ALLEN,22003,34.7,2020
LA,ASCENSION,22005,33.5,2020
LA,ASSUMPTION,22007,20.7,2020
LA,AVOYELLES,22009,34.7,2020
LA,BEAUREGARD,22011,29.5,2020
LA,BIENVILLE,22013,13.0,2020
LA,BOSSIER,22015,57.4,2020
LA,CADDO,22017,134.5,2020
LA,CALCASIEU,22019,59.4,2020
LA,CALDWELL,22021,37.2,2020
LA,CAMERON,22023,3.3,2020
LA,CATAHOULA,22025,12.7,2020
LA,CLAIBORNE,22027,69.1,2020
LA,CONCORDIA,22029,32.8,2020
LA,DE SOTO,22031,18.3,2020
LA,EAST BATON ROUGE,22033,98.2,2020
LA,EAST CARROLL,22035,70.9,2020
LA,EAST FELICIANA,22037,23.7,2020
LA,EVANGELINE,22039,103.1,2020
LA,FRANKLIN,22041,62.9,2020
LA,GRANT,22043,5.3,2020
LA,IBERIA,22045,84.4,2020
LA,IBERVILLE,22047,9.3,2020
LA,JACKSON,22049,20.2,2020
LA,JEFFERSON,22051,88.6,2020
LA,JEFFERSON DAVIS,22053,47.4,2020
LA,LAFAYETTE,22055,88.2,2020
LA,LAFOURCHE,22057,46.0,2020
LA,LA SALLE,22059,65.7,2020
LA,LINCOLN,22061,52.7,2020
LA,LIVINGSTON,22063,17.1,2020
LA,MADISON,22065,4.5,2020
LA,MOREHOUSE,22067,42.9,2020
LA,NATCHITOCHES,22069,30.3,2020
LA,ORLEANS,22071,87.6,2020
LA,OUACHITA,22073,93.9,2020
LA,PLAQUEMINES,22075,14.7,2020
LA,POINTE COUPEE,22077,28.6,2020
LA,RAPIDES,22079,117.4,2020
LA,RED RIVER,22081,44.8,2020
LA,RICHLAND,22083,85.4,2020
LA,SABINE,22085,30.1,2020
LA,SAINT BERNARD,22087,21.6,2020
LA,SAINT CHARLES,22089,12.0,2020
LA,SAINT HELENA,22091,29.0,2020
LA,SAINT JAMES,22093,53.4,2020
LA,ST JOHN THE BAPTIST,22095,65.3,2020
LA,SAINT LANDRY,22097,72.9,2020
LA,SAINT MARTIN,22099,14.9,2020
LA,SAINT MARY,22101,30.8,2020
LA,SAINT TAMMANY,22103,77.7,2020
LA,TANGIPAHOA,22105,38.8,2020
LA,TENSAS,22107,24.4,2020
LA,TERREBONNE,22109,66.1,2020
LA,UNION,22111,35.9,2020
LA,VERMILION,22113,23.0,2020
LA,VERNON,22115,44.5,2020
LA,WASHINGTON,22117,42.3,2020
LA,WEBSTER,22119,40.6,2020
LA,WEST BATON ROUGE,22121,16.7,2020
LA,WEST CARROLL,22123,17.7,2020
LA,WEST FELICIANA,22125,13.2,2020
LA,WINN,22127,37.1,2020
ME,ANDROSCOGGIN,23001,49.6,2020
ME,AROOSTOOK,23003,49.6,2020
ME,CUMBERLAND,23005,45.3,2020
ME,FRANKLIN,23007,28.5,2020
ME,HANCOCK,23009,36.3,2020
ME,KENNEBEC,23011,60.9,2020
ME,KNOX,23013,34.1,2020
ME,LINCOLN,23015,37.1,2020
ME,OXFORD,23017,26.6,2020
ME,PENOBSCOT,23019,42.9,2020
ME,PISCATAQUIS,23021,20.0,2020
ME,SAGADAHOC,23023,31.4,2020
ME,SOMERSET,23025,30.0,2020
ME,WALDO,23027,30.1,2020
ME,WASHINGTON,23029,27.5,2020
ME,YORK,23031,29.1,2020
MD,ALLEGANY,24001,91.0,2020
MD,ANNE ARUNDEL,24003,44.0,2020
MD,BALTIMORE,24005,41.8,2020
MD,CALVERT,24009,45.4,2020
MD,CAROLINE,24011,40.2,2020
MD,CARROLL,24013,31.7,2020
MD,CECIL,24015,16.4,2020
MD,CHARLES,24017,36.9,2020
MD,DORCHESTER,24019,26.0,2020
MD,FREDERICK,24021,56.6,2020
MD,GARRETT,24023,40.0,2020
MD,HARFORD,24025,35.1,2020
MD,HOWARD,24027,26.4,2020
MD,KENT,24029,69.8,2020
MD,MONTGOMERY,24031,25.0,2020
MD,PRINCE GEORGE'S,24033,24.8,2020
MD,QUEEN ANNE'S,24035,33.8,2020
MD,SAINT MARYS,24037,21.5,2020
MD,SOMERSET,24039,6.8,2020
MD,TALBOT,24041,91.0,2020
MD,WASHINGTON,24043,86.0,2020
MD,WICOMICO,24045,65.3,2020
MD,WORCESTER,24047,26.7,2020
MD,BALTIMORE CITY,24510,68.6,2020
MA,BARNSTABLE,25001,32.1,2020
MA,BERKSHIRE,25003,36.6,2020
MA,BRISTOL,25005,41.8,2020
MA,DUKES,25007,21.4,2020
MA,ESSEX,25009,27.0,2020
MA,FRANKLIN,25011,26.4,2020
MA,HAMPDEN,25013,44.1,2020
MA,HAMPSHIRE,25015,33.7,2020
MA,MIDDLESEX,25017,22.6,2020
MA,NANTUCKET,25019,24.2,2020
MA,NORFOLK,25021,24.7,2020
MA,PLYMOUTH,25023,25.2,2020
MA,SUFFOLK,25025,62.9,2020
MA,WORCESTER,25027,33.1,2020
MI,ALCONA,26001,24.6,2020
MI,ALGER,26003,15.4,2020
MI,ALLEGAN,26005,13.5,2020
MI,ALPENA,26007,52.4,2020
MI,ANTRIM,26009,46.4,2020
MI,ARENAC,26011,26.1,2020
MI,BARAGA,26013,36.3,2020
MI,BARRY,26015,23.0,2020
MI,BAY,26017,66.6,2020
MI,BENZIE,26019,41.0,2020
MI,BERRIEN,26021,42.7,2020
MI,BRANCH,26023,30.4,2020
MI,CALHOUN,26025,63.6,2020
MI,CASS,26027,11.2,2020
MI,CHARLEVOIX,26029,35.1,2020
MI,CHEBOYGAN,26031,51.6,2020
MI,CHIPPEWA,26033,33.2,2020
MI,CLARE,26035,42.1,2020
MI,CLINTON,26037,24.2,2020
MI,CRAWFORD,26039,75.8,2020
MI,DELTA,26041,58.3,2020
MI,DICKINSON,26043,43.1,2020
MI,EATON,26045,30.3,2020
MI,EMMET,26047,105.3,2020
MI,GENESEE,26049,73.2,2020
MI,GLADWIN,26051,30.6,2020
MI,GOGEBIC,26053,47.1,2020
MI,GRAND TRAVERSE,26055,81.3,2020
MI,GRATIOT,26057,32.3,2020
MI,HILLSDALE,26059,31.2,2020
MI,HOUGHTON,26061,31.5,2020
MI,HURON,26063,33.4,2020
MI,INGHAM,26065,73.4,2020
MI,IONIA,26067,33.3,2020
MI,IOSCO,26069,53.9,2020
MI,IRON,26071,39.5,2020
MI,ISABELLA,26073,31.7,2020
MI,JACKSON,26075,40.2,2020
MI,KALAMAZOO,26077,64.7,2020
MI,KALKASKA,26079,39.9,2020
MI,KENT,26081,59.6,2020
MI,LAKE,26085,6.7,2020
MI,LAPEER,26087,31.1,2020
MI,LEELANAU,26089,6.1,2020
MI,LENAWEE,26091,38.9,2020
MI,LIVINGSTON,26093,25.4,2020
MI,LUCE,26095,41.9,2020
MI,MACKINAC,26097,42.6,2020
MI,MACOMB,26099,54.0,2020
MI,MANISTEE,26101,58.6,2020
MI,MARQUETTE,26103,57.4,2020
MI,MASON,26105,48.6,2020
MI,MECOSTA,26107,73.2,2020
MI,MENOMINEE,26109,15.4,2020
MI,MIDLAND,26111,50.6,2020
MI,MISSAUKEE,26113,6.2,2020
MI,MONROE,26115,37.2,2020
MI,MONTCALM,26117,47.7,2020
MI,MONTMORENCY,26119,17.4,2020
MI,MUSKEGON,26121,66.5,2020
MI,NEWAYGO,26123,35.0,2020
MI,OAKLAND,26125,69.7,2020
MI,OCEANA,26127,42.4,2020
MI,OGEMAW,26129,78.2,2020
MI,ONTONAGON,26131,49.5,2020
MI,OSCEOLA,26133,19.8,2020
MI,OSCODA,26135,8.2,2020
MI,OTSEGO,26137,111.5,2020
MI,OTTAWA,26139,28.0,2020
MI,PRESQUE ISLE,26141,20.1,2020
MI,ROSCOMMON,26143,41.7,2020
MI,SAGINAW,26145,80.2,2020
MI,SAINT CLAIR,26147,56.3,2020
MI,SAINT JOSEPH,26149,33.2,2020
MI,SANILAC,26151,17.7,2020
MI,SCHOOLCRAFT,26153,45.6,2020
MI,SHIAWASSEE,26155,33.7,2020
MI,TUSCOLA,26157,41.8,2020
MI,VAN BUREN,26159,35.7,2020
MI,WASHTENAW,26161,70.2,2020
MI,WAYNE,26163,55.7,2020
MI,WEXFORD,26165,62.9,2020
MN,AITKIN,27001,44.5,2020
MN,ANOKA,27003,20.3,2020
MN,BECKER,27005,21.2,2020
MN,BELTRAMI,27007,29.5,2020
MN,BENTON,27009,2.3,2020
MN,BIG STONE,27011,45.0,2020
MN,BLUE EARTH,27013,45.8,2020
MN,BROWN,27015,29.3,2020
MN,CARLTON,27017,26.5,2020
MN,CARVER,27019,23.9,2020
MN,CASS,27021,8.4,2020
MN,CHIPPEWA,27023,21.6,2020
MN,CHISAGO,27025,15.0,2020
MN,CLAY,27027,10.0,2020
MN,CLEARWATER,27029,57.4,2020
MN,COOK,27031,6.7,2020
MN,COTTONWOOD,27033,20.2,2020
MN,CROW WING,27035,33.3,2020
MN,DAKOTA,27037,18.4,2020
MN,DODGE,27039,2.4,2020
MN,DOUGLAS,27041,37.6,2020
MN,FARIBAULT,27043,25.6,2020
MN,FILLMORE,27045,17.9,2020
MN,FREEBORN,27047,17.9,2020
MN,GOODHUE,27049,20.2,2020
MN,GRANT,27051,24.2,2020
MN,HENNEPIN,27053,38.0,2020
MN,HOUSTON,27055,11.4,2020
MN,HUBBARD,27057,29.5,2020
MN,ISANTI,27059,23.2,2020
MN,ITASCA,27061,30.3,2020
MN,JACKSON,27063,14.9,2020
MN,KANABEC,27065,32.3,2020
MN,KANDIYOHI,27067,29.1,2020
MN,KITTSON,27069,13.7,2020
MN,KOOCHICHING,27071,36.5,2020
MN,LAC QUI PARLE,27073,42.5,2020
MN,LAKE,27075,13.2,2020
MN,LAKE OF THE WOODS,27077,4.7,2020
MN,LE SUEUR,27079,2.0,2020
MN,LINCOLN,27081,51.8,2020
MN,LYON,27083,25.0,2020
MN,MCLEOD,27085,23.3,2020
MN,MAHNOMEN,27087,5.0,2020
MN,MARSHALL,27089,9.1,2020
MN,MARTIN,27091,51.1,2020
MN,MEEKER,27093,7.5,2020
MN,MILLE LACS,27095,30.2,2020
MN,MORRISON,27097,35.7,2020
MN,MOWER,27099,14.6,2020
MN,MURRAY,27101,20.6,2020
MN,NICOLLET,27103,15.6,2020
MN,NOBLES,27105,18.2,2020
MN,NORMAN,27107,9.8,2020
MN,OLMSTED,27109,84.3,2020
MN,OTTER TAIL,27111,23.7,2020
MN,PENNINGTON,27113,35.8,2020
MN,PINE,27115,25.1,2020
MN,PIPESTONE,27117,36.7,2020
MN,POLK,27119,28.8,2020
MN,POPE,27121,39.9,2020
MN,RAMSEY,27123,40.0,2020
MN,RED LAKE,27125,3.2,2020
MN,REDWOOD,27127,14.9,2020
MN,RENVILLE,27129,61.0,2020
MN,RICE,27131,19.5,2020
MN,ROCK,27133,30.9,2020
MN,ROSEAU,27135,39.3,2020
MN,SAINT LOUIS,27137,47.7,2020
MN,SCOTT,27139,8.8,2020
MN,SHERBURNE,27141,11.7,2020
MN,SIBLEY,27143,11.5,2020
MN,STEARNS,27145,39.2,2020
MN,STEELE,27147,21.7,2020
MN,STEVENS,27149,28.3,2020
MN,SWIFT,27151,37.7,2020
MN,TODD,27153,7.5,2020
MN,TRAVERSE,27155,10.0,2020
MN,WABASHA,27157,9.6,2020
MN,WADENA,27159,84.0,2020
MN,WASECA,27161,16.4,2020
MN,WASHINGTON,27163,25.4,2020
MN,WATONWAN,27165,41.0,2020
MN,WILKIN,27167,6.1,2020
MN,WINONA,27169,18.2,2020
MN,WRIGHT,27171,15.4,2020
MN,YELLOW MEDICINE,27173,38.1,2020
MS,ADAMS,28001,91.0,2020
MS,ALCORN,28003,109.9,2020
MS,AMITE,28005,10.9,2020
MS,ATTALA,28007,34.7,2020
MS,BENTON,28009,9.7,2020
MS,BOLIVAR,28011,35.5,2020
MS,CALHOUN,28013,45.9,2020
MS,CARROLL,28015,10.6,2020
MS,CHICKASAW,28017,24.4,2020
MS,CHOCTAW,28019,19.4,2020
MS,CLAIBORNE,28021,18.7,2020
MS,CLARKE,28023,20.1,2020
MS,CLAY,28025,30.1,2020
MS,COAHOMA,28027,33.4,2020
MS,COPIAH,28029,51.4,2020
MS,COVINGTON,28031,38.0,2020
MS,DESOTO,28033,62.0,2020
MS,FORREST,28035,193.8,2020
MS,FRANKLIN,28037,4.6,2020
MS,GEORGE,28039,44.4,2020
MS,GREENE,28041,14.3,2020
MS,GRENADA,28043,63.2,2020
MS,HANCOCK,28045,33.9,2020
MS,HARRISON,28047,83.6,2020
MS,HINDS,28049,108.6,2020
MS,HOLMES,28051,22.7,2020
MS,HUMPHREYS,28053,17.7,2020
MS,ITAWAMBA,28057,26.6,2020
MS,JACKSON,28059,66.2,2020
MS,JASPER,28061,3.3,2020
MS,JEFFERSON,28063,2.7,2020
MS,JEFFERSON DAVIS,28065,23.7,2020
MS,JONES,28067,104.2,2020
MS,KEMPER,28069,3.6,2020
MS,LAFAYETTE,28071,72.3,2020
MS,LAMAR,28073,13.8,2020
MS,LAUDERDALE,28075,157.7,2020
MS,LAWRENCE,28077,44.3,2020
MS,LEAKE,28079,46.2,2020
MS,LEE,28081,117.0,2020
MS,LEFLORE,28083,108.2,2020
MS,LINCOLN,28085,79.3,2020
MS,LOWNDES,28087,56.2,2020
MS,MADISON,28089,49.2,2020
MS,MARION,28091,56.9,2020
MS,MARSHALL,28093,23.4,2020
MS,MONROE,28095,39.3,2020
MS,MONTGOMERY,28097,18.6,2020
MS,NESHOBA,28099,24.3,2020
MS,NEWTON,28101,15.3,2020
MS,NOXUBEE,28103,14.1,2020
MS,OKTIBBEHA,28105,69.5,2020
MS,PANOLA,28107,23.2,2020
MS,PEARL RIVER,28109,32.9,2020
MS,PERRY,28111,35.8,2020
MS,PIKE,28113,53.9,2020
MS,PONTOTOC,28115,26.8,2020
MS,PRENTISS,28117,38.8,2020
MS,QUITMAN,28119,8.5,2020
MS,RANKIN,28121,63.3,2020
MS,SCOTT,28123,23.7,2020
MS,SHARKEY,28125,5.7,2020
MS,SIMPSON,28127,29.7,2020
MS,SMITH,28129,4.1,2020
MS,STONE,28131,60.2,2020
MS,SUNFLOWER,28133,28.7,2020
MS,TALLAHATCHIE,28135,18.9,2020
MS,TATE,28137,39.2,2020
MS,TIPPAH,28139,19.3,2020
MS,TISHOMINGO,28141,56.3,2020
MS,TUNICA,28143,9.8,2020
MS,UNION,28145,70.3,2020
MS,WALTHALL,28147,20.4,2020
MS,WARREN,28149,78.9,2020
MS,WASHINGTON,28151,69.0,2020
MS,WAYNE,28153,33.1,2020
MS,WEBSTER,28155,104.8,2020
MS,WILKINSON,28157,39.1,2020
MS,WINSTON,28159,28.8,2020
MS,YALOBUSHA,28161,10.5,2020
MS,YAZOO,28163,10.5,2020
MO,ADAIR,29001,85.3,2020
MO,ANDREW,29003,2.5,2020
MO,ATCHISON,29005,62.5,2020
MO,AUDRAIN,29007,26.4,2020
MO,BARRY,29009,53.2,2020
MO,BARTON,29011,35.1,2020
MO,BATES,29013,28.8,2020
MO,BENTON,29015,32.3,2020
MO,BOLLINGER,29017,17.6,2020
MO,BOONE,29019,80.3,2020
MO,BUCHANAN,29021,54.4,2020
MO,BUTLER,29023,125.4,2020
MO,CALDWELL,29025,6.6,2020
MO,CALLAWAY,29027,18.9,2020
MO,CAMDEN,29029,49.7,2020
MO,CAPE GIRARDEAU,29031,102.8,2020
MO,CARROLL,29033,49.8,2020
MO,CARTER,29035,15.6,2020
MO,CASS,29037,41.6,2020
MO,CEDAR,29039,63.2,2020
MO,CHARITON,29041,6.5,2020
MO,CHRISTIAN,29043,45.4,2020
MO,CLARK,29045,39.2,2020
MO,CLAY,29047,51.9,2020
MO,CLINTON,29049,27.6,2020
MO,COLE,29051,68.2,2020
MO,COOPER,29053,14.7,2020
MO,CRAWFORD,29055,5.2,2020
MO,DADE,29057,57.9,2020
MO,DALLAS,29059,16.1,2020
MO,DAVIESS,29061,39.1,2020
MO,DEKALB,29063,4.1,2020
MO,DENT,29065,54.9,2020
MO,DOUGLAS,29067,8.2,2020
MO,DUNKLIN,29069,74.1,2020
MO,FRANKLIN,29071,48.3,2020
MO,GASCONADE,29073,30.9,2020
MO,GENTRY,29075,32.1,2020
MO,GREENE,29077,83.0,2020
MO,GRUNDY,29079,34.8,2020
MO,HARRISON,29081,35.7,2020
MO,HENRY,29083,68.7,2020
MO,HICKORY,29085,16.9,2020
MO,HOLT,29087,1.8,2020
MO,HOWARD,29089,59.3,2020
MO,HOWELL,29091,93.7,2020
MO,IRON,29093,9.2,2020
MO,JACKSON,29095,58.4,2020
MO,JASPER,29097,95.8,2020
MO,JEFFERSON,29099,32.1,2020
MO,JOHNSON,29101,31.5,2020
MO,KNOX,29103,1.1,2020
MO,LACLEDE,29105,36.4,2020
MO,LAFAYETTE,29107,29.4,2020
MO,LAWRENCE,29109,35.7,2020
MO,LEWIS,29111,55.0,2020
MO,LINCOLN,29113,27.4,2020
MO,LINN,29115,18.0,2020
MO,LIVINGSTON,29117,21.1,2020
MO,MCDONALD,29119,8.2,2020
MO,MACON,29121,31.2,2020
MO,MADISON,29123,38.8,2020
MO,MARIES,29125,5.2,2020
MO,MARION,29127,83.6,2020
MO,MERCER,29129,21.7,2020
MO,MILLER,29131,19.8,2020
MO,MISSISSIPPI,29133,64.3,2020
MO,MONITEAU,29135,10.2,2020
MO,MONROE,29137,7.8,2020
MO,MONTGOMERY,29139,33.4,2020
MO,MORGAN,29141,6.3,2020
MO,NEW MADRID,29143,4.4,2020
MO,NEWTON,29145,17.8,2020
MO,NODAWAY,29147,37.8,2020
MO,OREGON,29149,7.6,2020
MO,OSAGE,29151,19.7,2020
MO,OZARK,29153,13.7,2020
MO,PEMISCOT,29155,32.4,2020
MO,PERRY,29157,7.0,2020
MO,PETTIS,29159,35.0,2020
MO,PHELPS,29161,76.9,2020
MO,PIKE,29163,40.2,2020
MO,PLATTE,29165,37.1,2020
MO,POLK,29167,60.6,2020
MO,PULASKI,29169,31.8,2020
MO,PUTNAM,29171,9.8,2020
MO,RALLS,29173,11.9,2020
MO,RANDOLPH,29175,32.0,2020
MO,RAY,29177,36.0,2020
MO,REYNOLDS,29179,1.9,2020
MO,RIPLEY,29181,39.5,2020
MO,SAINT CHARLES,29183,33.3,2020
MO,SAINT CLAIR,29185,34.0,2020
MO,SAINTE GENEVIEVE,29186,15.2,2020
MO,SAINT FRANCOIS,29187,99.5,2020
MO,SAINT LOUIS,29189,68.8,2020
MO,SALINE,29195,42.0,2020
MO,SCHUYLER,29197,2.7,2020
MO,SCOTLAND,29199,40.8,2020
MO,SCOTT,29201,70.6,2020
MO,SHANNON,29203,4.0,2020
MO,SHELBY,29205,5.3,2020
MO,STODDARD,29207,38.0,2020
MO,STONE,29209,28.7,2020
MO,SULLIVAN,29211,63.2,2020
MO,TANEY,29213,68.8,2020
MO,TEXAS,29215,26.6,2020
MO,VERNON,29217,33.8,2020
MO,WARREN,29219,8.6,2020
MO,WASHINGTON,29221,11.1,2020
MO,WAYNE,29223,0.9,2020
MO,WEBSTER,29225,45.8,2020
MO,WRIGHT,29229,65.3,2020
MO,SAINT LOUIS CITY,29510,80.7,2020
MT,BEAVERHEAD,30001,34.1,2020
MT,BIG HORN,30003,9.0,2020
MT,BLAINE,30005,11.9,2020
MT,BROADWATER,30007,13.1,2020
MT,CARBON,30009,13.0,2020
MT,CARTER,30011,0.3,2020
MT,CASCADE,30013,56.8,2020
MT,CHOUTEAU,30015,15.4,2020
MT,CUSTER,30017,77.7,2020
MT,DANIELS,30019,0.3,2020
MT,DAWSON,30021,29.4,2020
MT,DEER LODGE,30023,52.7,2020
MT,FALLON,30025,5.3,2020
MT,FERGUS,30027,32.6,2020
MT,FLATHEAD,30029,66.1,2020
MT,GALLATIN,30031,29.2,2020
MT,GARFIELD,30033,9.6,2020
MT,GLACIER,30035,17.3,2020
MT,GRANITE,30039,18.5,2020
MT,HILL,30041,30.2,2020
MT,JEFFERSON,30043,15.3,2020
MT,JUDITH BASIN,30045,1.2,2020
MT,LAKE,30047,39.5,2020
MT,LEWIS AND CLARK,30049,44.7,2020
MT,LIBERTY,30051,10.1,2020
MT,LINCOLN,30053,56.1,2020
MT,MCCONE,30055,23.3,2020
MT,MADISON,30057,9.4,2020
MT,MEAGHER,30059,34.4,2020
MT,MINERAL,30061,25.0,2020
MT,MISSOULA,30063,59.2,2020
MT,MUSSELSHELL,30065,25.9,2020
MT,PARK,30067,28.0,2020
MT,PHILLIPS,30071,41.3,2020
MT,PONDERA,30073,43.1,2020
MT,POWDER RIVER,30075,1.4,2020
MT,POWELL,30077,55.7,2020
MT,PRAIRIE,30079,18.6,2020
MT,RAVALLI,30081,31.0,2020
MT,RICHLAND,30083,17.8,2020
MT,ROOSEVELT,30085,26.0,2020
MT,ROSEBUD,30087,13.6,2020
MT,SANDERS,30089,44.2,2020
MT,SHERIDAN,30091,1.9,2020
MT,SILVER BOW,30093,51.4,2020
MT,STILLWATER,30095,24.6,2020
MT,SWEET GRASS,30097,13.0,2020
MT,TETON,30099,14.6,2020
MT,TOOLE,30101,110.3,2020
MT,VALLEY,30105,18.7,2020
MT,WHEATLAND,30107,3.7,2020
MT,YELLOWSTONE,30111,68.1,2020
NE,ADAMS,31001,48.1,2020
NE,ANTELOPE,31003,40.5,2020
NE,BOONE,31011,13.5,2020
NE,BOX BUTTE,31013,64.5,2020
NE,BOYD,31015,33.8,2020
NE,BROWN,31017,7.1,2020
NE,BUFFALO,31019,73.1,2020
NE,BURT,31021,18.7,2020
NE,BUTLER,31023,41.9,2020
NE,CASS,31025,9.4,2020
NE,CEDAR,31027,14.9,2020
NE,CHASE,31029,70.7,2020
NE,CHERRY,31031,18.8,2020
NE,CHEYENNE,31033,30.8,2020
NE,CLAY,31035,1.5,2020
NE,COLFAX,31037,10.3,2020
NE,CUMING,31039,10.0,2020
NE,CUSTER,31041,43.3,2020
NE,DAKOTA,31043,21.4,2020
NE,DAWES,31045,35.9,2020
NE,DAWSON,31047,25.1,2020
NE,DEUEL,31049,2.1,2020
NE,DIXON,31051,8.1,2020
NE,DODGE,31053,43.1,2020
NE,DOUGLAS,31055,64.3,2020
NE,DUNDY,31057,30.8,2020
NE,FILLMORE,31059,20.0,2020
NE,FRANKLIN,31061,80.6,2020
NE,FRONTIER,31063,5.0,2020
NE,FURNAS,31065,31.6,2020
NE,GAGE,31067,25.6,2020
NE,GARDEN,31069,30.2,2020
NE,GARFIELD,31071,75.0,2020
NE,HALL,31079,64.7,2020
NE,HAMILTON,31081,57.7,2020
NE,HARLAN,31083,34.6,2020
NE,HAYES,31085,2.3,2020
NE,HITCHCOCK,31087,17.4,2020
NE,HOLT,31089,48.8,2020
NE,HOOKER,31091,14.6,2020
NE,HOWARD,31093,36.0,2020
NE,JEFFERSON,31095,44.5,2020
NE,JOHNSON,31097,51.0,2020
NE,KEARNEY,31099,28.3,2020
NE,KEITH,31101,47.4,2020
NE,KIMBALL,31105,35.9,2020
NE,KNOX,31107,28.4,2020
NE,LANCASTER,31109,47.6,2020
NE,LINCOLN,31111,76.8,2020
NE,MADISON,31119,92.2,2020
NE,MERRICK,31121,39.0,2020
NE,MORRILL,31123,12.4,2020
NE,NANCE,31125,4.5,2020
NE,NEMAHA,31127,77.9,2020
NE,NUCKOLLS,31129,7.4,2020
NE,OTOE,31131,38.0,2020
NE,PAWNEE,31133,37.8,2020
NE,PERKINS,31135,86.9,2020
NE,PHELPS,31137,89.7,2020
NE,PIERCE,31139,43.0,2020
NE,PLATTE,31141,27.0,2020
NE,POLK,31143,8.7,2020
NE,RED WILLOW,31145,45.3,2020
NE,RICHARDSON,31147,16.8,2020
NE,ROCK,31149,10.2,2020
NE,SALINE,31151,26.3,2020
NE,SARPY,31153,26.6,2020
NE,SAUNDERS,31155,19.3,2020
NE,SCOTTS BLUFF,31157,75.0,2020
NE,SEWARD,31159,27.3,2020
NE,SHERIDAN,31161,4.8,2020
NE,SHERMAN,31163,3.4,2020
NE,THAYER,31169,8.6,2020
NE,THOMAS,31171,2.2,2020
NE,THURSTON,31173,22.2,2020
NE,VALLEY,31175,75.1,2020
NE,WASHINGTON,31177,14.6,2020
NE,WAYNE,31179,33.1,2020
NE,WEBSTER,31181,2.0,2020
NE,YORK,31185,58.2,2020
NV,CHURCHILL,32001,38.1,2020
NV,CLARK,32003,47.4,2020
NV,DOUGLAS,32005,43.2,2020
NV,ELKO,32007,25.2,2020
NV,EUREKA,32011,8.2,2020
NV,HUMBOLDT,32013,9.7,2020
NV,LANDER,32015,1.7,2020
NV,LINCOLN,32017,48.4,2020
NV,LYON,32019,10.2,2020
NV,MINERAL,32021,46.6,2020
NV,NYE,32023,38.5,2020
NV,PERSHING,32027,14.9,2020
NV,STOREY,32029,29.9,2020
NV,WASHOE,32031,53.5,2020
NV,WHITE PINE,32033,28.6,2020
NV,CARSON CITY,32510,95.9,2020
NH,BELKNAP,33001,25.5,2020
NH,CARROLL,33003,51.4,2020
NH,CHESHIRE,33005,26.8,2020
NH,COOS,33007,41.6,2020
NH,GRAFTON,33009,55.7,2020
NH,HILLSBOROUGH,33011,32.3,2020
NH,MERRIMACK,33013,46.7,2020
NH,ROCKINGHAM,33015,27.8,2020
NH,STRAFFORD,33017,40.8,2020
NH,SULLIVAN,33019,22.4,2020
NJ,ATLANTIC,34001,53.9,2020
NJ,BERGEN,34003,27.2,2020
NJ,BURLINGTON,34005,54.1,2020
NJ,CAMDEN,34007,61.1,2020
NJ,CAPE MAY,34009,26.6,2020
NJ,CUMBERLAND,34011,36.7,2020
NJ,ESSEX,34013,30.2,2020
NJ,GLOUCESTER,34015,36.0,2020
NJ,HUDSON,34017,18.9,2020
NJ,HUNTERDON,34019,20.4,2020
NJ,MERCER,34021,34.0,2020
NJ,MIDDLESEX,34023,27.7,2020
NJ,MONMOUTH,34025,38.6,2020
NJ,MORRIS,34027,32.3,2020
NJ,OCEAN,34029,20.2,2020
NJ,PASSAIC,34031,28.5,2020
NJ,SALEM,34033,23.9,2020
NJ,SOMERSET,34035,21.9,2020
NJ,SUSSEX,34037,23.8,2020
NJ,UNION,34039,23.6,2020
NJ,WARREN,34041,29.9,2020
NM,BERNALILLO,35001,52.0,2020
NM,CATRON,35003,13.5,2020
NM,CHAVES,35005,50.0,2020
NM,CIBOLA,35006,14.2,2020
NM,COLFAX,35007,74.9,2020
NM,CURRY,35009,19.7,2020
NM,DE BACA,35011,5.3,2020
NM,DONA ANA,35013,34.0,2020
NM,EDDY,35015,79.1,2020
NM,GRANT,35017,40.1,2020
NM,GUADALUPE,35019,108.2,2020
NM,HARDING,35021,31.9,2020
NM,HIDALGO,35023,14.2,2020
NM,LEA,35025,35.1,2020
NM,LINCOLN,35027,28.1,2020
NM,LOS ALAMOS,35028,35.6,2020
NM,LUNA,35029,44.9,2020
NM,MCKINLEY,35031,13.0,2020
NM,MORA,35033,2.0,2020
NM,OTERO,35035,33.1,2020
NM,QUAY,35037,43.8,2020
NM,RIO ARRIBA,35039,33.4,2020
NM,ROOSEVELT,35041,27.4,2020
NM,SANDOVAL,35043,21.6,2020
NM,SAN JUAN,35045,32.9,2020
NM,SAN MIGUEL,35047,30.7,2020
NM,SANTA FE,35049,49.5,2020
NM,SIERRA,35051,24.0,2020
NM,SOCORRO,35053,43.4,2020
NM,TAOS,35055,62.5,2020
NM,TORRANCE,35057,6.6,2020
NM,UNION,35059,45.8,2020
NM,VALENCIA,35061,19.1,2020
NY,ALBANY,36001,57.5,2020
NY,ALLEGANY,36003,27.9,2020
NY,BRONX,36005,18.7,2020
NY,BROOME,36007,55.6,2020
NY,CATTARAUGUS,36009,36.9,2020
NY,CAYUGA,36011,24.3,2020
NY,CHAUTAUQUA,36013,41.9,2020
NY,CHEMUNG,36015,67.5,2020
NY,CHENANGO,36017,25.2,2020
NY,CLINTON,36019,67.5,2020
NY,COLUMBIA,36021,35.9,2020
NY,CORTLAND,36023,20.0,2020
NY,DELAWARE,36025,17.8,2020
NY,DUTCHESS,36027,32.4,2020
NY,ERIE,36029,58.2,2020
NY,ESSEX,36031,32.7,2020
NY,FRANKLIN,36033,32.1,2020
NY,FULTON,36035,34.0,2020
NY,GENESEE,36037,44.1,2020
NY,GREENE,36039,18.3,2020
NY,HAMILTON,36041,27.6,2020
NY,HERKIMER,36043,17.5,2020
NY,JEFFERSON,36045,49.0,2020
NY,KINGS,36047,14.6,2020
NY,LEWIS,36049,21.8,2020
NY,LIVINGSTON,36051,40.2,2020
NY,MADISON,36053,43.0,2020
NY,MONROE,36055,40.2,2020
NY,MONTGOMERY,36057,50.7,2020
NY,NASSAU,36059,41.3,2020
NY,NEW YORK,36061,56.3,2020
NY,NIAGARA,36063,27.2,2020
NY,ONEIDA,36065,39.6,2020
NY,ONONDAGA,36067,59.5,2020
NY,ONTARIO,36069,36.5,2020
NY,ORANGE,36071,29.0,2020
NY,ORLEANS,36073,21.2,2020
NY,OSWEGO,36075,22.5,2020
NY,OTSEGO,36077,47.7,2020
NY,PUTNAM,36079,25.1,2020
NY,QUEENS,36081,12.7,2020
NY,RENSSELAER,36083,28.0,2020
NY,RICHMOND,36085,26.6,2020
NY,ROCKLAND,36087,27.5,2020
NY,SAINT LAWRENCE,36089,38.3,2020
NY,SARATOGA,36091,32.2,2020
NY,SCHENECTADY,36093,29.2,2020
NY,SCHOHARIE,36095,30.2,2020
NY,SCHUYLER,36097,37.7,2020
NY,SENECA,36099,23.0,2020
NY,STEUBEN,36101,35.0,2020
NY,SUFFOLK,36103,29.9,2020
NY,SULLIVAN,36105,71.9,2020
NY,TIOGA,36107,19.2,2020
NY,TOMPKINS,36109,49.8,2020
NY,ULSTER,36111,34.8,2020
NY,WARREN,36113,72.1,2020
NY,WASHINGTON,36115,24.1,2020
NY,WAYNE,36117,13.7,2020
NY,WESTCHESTER,36119,24.7,2020
NY,WYOMING,36121,27.0,2020
NY,YATES,36123,16.3,2020
NC,ALAMANCE,37001,31.5,2020
NC,ALEXANDER,37003,7.1,2020
NC,ALLEGHANY,37005,41.4,2020
NC,ANSON,37007,6.2,2020
NC,ASHE,37009,45.2,2020
NC,AVERY,37011,32.4,2020
NC,BEAUFORT,37013,46.5,2020
NC,BERTIE,37015,59.5,2020
NC,BLADEN,37017,31.1,2020
NC,BRUNSWICK,37019,39.4,2020
NC,BUNCOMBE,37021,73.5,2020
NC,BURKE,37023,61.4,2020
NC,CABARRUS,37025,48.7,2020
NC,CALDWELL,37027,52.4,2020
NC,CAMDEN,37029,0.0,2020
NC,CARTERET,37031,62.8,2020
NC,CASWELL,37033,3.5,2020
NC,CATAWBA,37035,104.6,2020
NC,CHATHAM,37037,12.8,2020
NC,CHEROKEE,37039,74.1,2020
NC,CHOWAN,37041,42.6,2020
NC,CLAY,37043,32.6,2020
NC,CLEVELAND,37045,112.2,2020
NC,COLUMBUS,37047,73.8,2020
NC,CRAVEN,37049,75.6,2020
NC,CUMBERLAND,37051,64.3,2020
NC,CURRITUCK,37053,11.6,2020
NC,DARE,37055,68.8,2020
NC,DAVIDSON,37057,24.9,2020
NC,DAVIE,37059,30.1,2020
NC,DUPLIN,37061,25.3,2020
NC,DURHAM,37063,68.2,2020
NC,EDGECOMBE,37065,26.0,2020
NC,FORSYTH,37067,95.3,2020
NC,FRANKLIN,37069,12.8,2020
NC,GASTON,37071,65.9,2020
NC,GATES,37073,2.7,2020
NC,GRAHAM,37075,7.5,2020
NC,GRANVILLE,37077,24.1,2020
NC,GREENE,37079,22.4,2020
NC,GUILFORD,37081,55.9,2020
NC,HALIFAX,37083,50.1,2020
NC,HARNETT,37085,47.3,2020
NC,HAYWOOD,37087,61.3,2020
NC,HENDERSON,37089,36.5,2020
NC,HERTFORD,37091,59.2,2020
NC,HOKE,37093,14.7,2020
NC,HYDE,37095,2.7,2020
NC,IREDELL,37097,74.4,2020
NC,JACKSON,37099,37.8,2020
NC,JOHNSTON,37101,35.3,2020
NC,JONES,37103,8.1,2020
NC,LEE,37105,56.1,2020
NC,LENOIR,37107,42.8,2020
NC,LINCOLN,37109,34.2,2020
NC,MCDOWELL,37111,42.4,2020
NC,MACON,37113,22.4,2020
NC,MADISON,37115,11.0,2020
NC,MARTIN,37117,23.9,2020
NC,MECKLENBURG,37119,51.3,2020
NC,MITCHELL,37121,76.3,2020
NC,MONTGOMERY,37123,28.2,2020
NC,MOORE,37125,124.5,2020
NC,NASH,37127,79.2,2020
NC,NEW HANOVER,37129,80.5,2020
NC,NORTHAMPTON,37131,8.8,2020
NC,ONSLOW,37133,46.8,2020
NC,ORANGE,37135,90.9,2020
NC,PAMLICO,37137,3.9,2020
NC,PASQUOTANK,37139,55.4,2020
NC,PENDER,37141,19.6,2020
NC,PERQUIMANS,37143,15.6,2020
NC,PERSON,37145,19.5,2020
NC,PITT,37147,102.3,2020
NC,POLK,37149,27.1,2020
NC,RANDOLPH,37151,31.0,2020
NC,RICHMOND,37153,84.1,2020
NC,ROBESON,37155,58.0,2020
NC,ROCKINGHAM,37157,51.4,2020
NC,ROWAN,37159,53.8,2020
NC,RUTHERFORD,37161,45.4,2020
NC,SAMPSON,37163,31.2,2020
NC,SCOTLAND,37165,95.1,2020
NC,STANLY,37167,35.2,2020
NC,STOKES,37169,31.3,2020
NC,SURRY,37171,68.8,2020
NC,SWAIN,37173,96.1,2020
NC,TRANSYLVANIA,37175,39.8,2020
NC,TYRRELL,37177,8.9,2020
NC,UNION,37179,22.9,2020
NC,VANCE,37181,43.5,2020
NC,WAKE,37183,37.2,2020
NC,WARREN,37185,2.6,2020
NC,WASHINGTON,37187,29.1,2020
NC,WATAUGA,37189,54.5,2020
NC,WAYNE,37191,40.5,2020
NC,WILKES,37193,36.4,2020
NC,WILSON,37195,32.9,2020
NC,YADKIN,37197,19.8,2020
NC,YANCEY,37199,28.7,2020
ND,ADAMS,38001,99.1,2020
ND,BARNES,38003,34.7,2020
ND,BENSON,38005,1.8,2020
ND,BOTTINEAU,38009,17.0,2020
ND,BOWMAN,38011,12.9,2020
ND,BURKE,38013,1.1,2020
ND,BURLEIGH,38015,62.8,2020
ND,CASS,38017,36.0,2020
ND,CAVALIER,38019,31.0,2020
ND,DICKEY,38021,32.2,2020
ND,DIVIDE,38023,3.8,2020
ND,DUNN,38025,1.3,2020
ND,EDDY,38027,0.2,2020
ND,EMMONS,38029,37.5,2020
ND,FOSTER,38031,79.2,2020
ND,GOLDEN VALLEY,38033,6.1,2020
ND,GRAND FORKS,38035,56.2,2020
ND,GRANT,38037,6.1,2020
ND,GRIGGS,38039,8.5,2020
ND,HETTINGER,38041,1.4,2020
ND,KIDDER,38043,18.3,2020
ND,LAMOURE,38045,7.5,2020
ND,MCHENRY,38049,5.8,2020
ND,MCINTOSH,38051,20.1,2020
ND,MCKENZIE,38053,12.0,2020
ND,MCLEAN,38055,22.6,2020
ND,MERCER,38057,32.5,2020
ND,MORTON,38059,11.0,2020
ND,MOUNTRAIL,38061,2.2,2020
ND,NELSON,38063,5.3,2020
ND,OLIVER,38065,0.1,2020
ND,PEMBINA,38067,39.1,2020
ND,PIERCE,38069,43.2,2020
ND,RAMSEY,38071,63.8,2020
ND,RANSOM,38073,25.1,2020
ND,RICHLAND,38077,23.0,2020
ND,ROLETTE,38079,3.3,2020
ND,SARGENT,38081,1.5,2020
ND,SHERIDAN,38083,3.0,2020
ND,STARK,38089,40.8,2020
ND,STUTSMAN,38093,32.7,2020
ND,TOWNER,38095,14.0,2020
ND,TRAILL,38097,10.9,2020
ND,WALSH,38099,14.4,2020
ND,WARD,38101,51.7,2020
ND,WELLS,38103,51.3,2020
ND,WILLIAMS,38105,31.4,2020
OH,ADAMS,39001,32.9,2020
OH,ALLEN,39003,67.5,2020
OH,ASHLAND,39005,18.5,2020
OH,ASHTABULA,39007,34.3,2020
OH,ATHENS,39009,44.9,2020
OH,AUGLAIZE,39011,20.5,2020
OH,BELMONT,39013,23.5,2020
OH,BROWN,39015,42.1,2020
OH,BUTLER,39017,41.3,2020
OH,CARROLL,39019,18.5,2020
OH,CHAMPAIGN,39021,12.0,2020
OH,CLARK,39023,51.6,2020
OH,CLERMONT,39025,25.9,2020
OH,CLINTON,39027,44.4,2020
OH,COLUMBIANA,39029,19.9,2020
OH,COSHOCTON,39031,24.0,2020
OH,CRAWFORD,39033,46.1,2020
OH,CUYAHOGA,39035,53.7,2020
OH,DARKE,39037,25.2,2020
OH,DEFIANCE,39039,51.6,2020
OH,DELAWARE,39041,28.7,2020
OH,ERIE,39043,39.9,2020
OH,FAIRFIELD,39045,48.5,2020
OH,FAYETTE,39047,65.7,2020
OH,FRANKLIN,39049,60.4,2020
OH,FULTON,39051,19.1,2020
OH,GALLIA,39053,53.3,2020
OH,GEAUGA,39055,21.6,2020
OH,GREENE,39057,50.1,2020
OH,GUERNSEY,39059,28.9,2020
OH,HAMILTON,39061,69.3,2020
OH,HANCOCK,39063,41.8,2020
OH,HARDIN,39065,19.3,2020
OH,HARRISON,39067,7.9,2020
OH,HENRY,39069,13.8,2020
OH,HIGHLAND,39071,32.2,2020
OH,HOCKING,39073,19.9,2020
OH,HOLMES,39075,8.6,2020
OH,HURON,39077,38.3,2020
OH,JACKSON,39079,28.6,2020
OH,JEFFERSON,39081,76.7,2020
OH,KNOX,39083,19.9,2020
OH,LAKE,39085,38.6,2020
OH,LAWRENCE,39087,50.8,2020
OH,LICKING,39089,21.2,2020
OH,LOGAN,39091,30.2,2020
OH,LORAIN,39093,31.1,2020
OH,LUCAS,39095,79.0,2020
OH,MADISON,39097,23.1,2020
OH,MAHONING,39099,77.2,2020
OH,MARION,39101,73.6,2020
OH,MEDINA,39103,21.3,2020
OH,MEIGS,39105,8.0,2020
OH,MERCER,39107,22.5,2020
OH,MIAMI,39109,25.3,2020
OH,MONROE,39111,13.1,2020
OH,MONTGOMERY,39113,69.6,2020
OH,MORGAN,39115,10.3,2020
OH,MORROW,39117,6.4,2020
OH,MUSKINGUM,39119,57.8,2020
OH,NOBLE,39121,7.3,2020
OH,OTTAWA,39123,18.8,2020
OH,PAULDING,39125,14.1,2020
OH,PERRY,39127,32.0,2020
OH,PICKAWAY,39129,30.5,2020
OH,PIKE,39131,50.6,2020
OH,PORTAGE,39133,23.3,2020
OH,PREBLE,39135,16.8,2020
OH,PUTNAM,39137,15.9,2020
OH,RICHLAND,39139,31.4,2020
OH,ROSS,39141,63.8,2020
OH,SANDUSKY,39143,24.5,2020
OH,SCIOTO,39145,71.1,2020
OH,SENECA,39147,18.2,2020
OH,SHELBY,39149,21.2,2020
OH,STARK,39151,53.1,2020
OH,SUMMIT,39153,53.5,2020
OH,TRUMBULL,39155,40.1,2020
OH,TUSCARAWAS,39157,55.7,2020
OH,UNION,39159,33.6,2020
OH,VAN WERT,39161,28.9,2020
OH,VINTON,39163,4.2,2020
OH,WARREN,39165,27.5,2020
OH,WASHINGTON,39167,61.7,2020
OH,WAYNE,39169,24.6,2020
OH,WILLIAMS,39171,18.9,2020
OH,WOOD,39173,30.1,2020
OH,WYANDOT,39175,11.1,2020
OK,ADAIR,40001,62.2,2020
OK,ALFALFA,40003,5.8,2020
OK,ATOKA,40005,4.7,2020
OK,BEAVER,40007,6.9,2020
OK,BECKHAM,40009,43.0,2020
OK,BLAINE,40011,13.9,2020
OK,BRYAN,40013,56.7,2020
OK,CADDO,40015,20.3,2020
OK,CANADIAN,40017,21.2,2020
OK,CARTER,40019,84.3,2020
OK,CHEROKEE,40021,45.8,2020
OK,CHOCTAW,40023,19.8,2020
OK,CIMARRON,40025,15.9,2020
OK,CLEVELAND,40027,34.7,2020
OK,COAL,40029,57.3,2020
OK,COMANCHE,40031,60.7,2020
OK,COTTON,40033,1.2,2020
OK,CRAIG,40035,19.2,2020
OK,CREEK,40037,16.1,2020
OK,CUSTER,40039,21.3,2020
OK,DELAWARE,40041,41.1,2020
OK,DEWEY,40043,6.8,2020
OK,ELLIS,40045,28.1,2020
OK,GARFIELD,40047,58.8,2020
OK,GARVIN,40049,29.7,2020
OK,GRADY,40051,25.1,2020
OK,GRANT,40053,0.3,2020
OK,GREER,40055,16.0,2020
OK,HARMON,40057,171.3,2020
OK,HARPER,40059,205.1,2020
OK,HASKELL,40061,43.3,2020
OK,HUGHES,40063,7.3,2020
OK,JACKSON,40065,42.6,2020
OK,JEFFERSON,40067,23.3,2020
OK,JOHNSTON,40069,15.5,2020
OK,KAY,40071,42.2,2020
OK,KINGFISHER,40073,110.9,2020
OK,KIOWA,40075,20.1,2020
OK,LATIMER,40077,54.1,2020
OK,LE FLORE,40079,38.2,2020
OK,LINCOLN,40081,22.3,2020
OK,LOGAN,40083,7.0,2020
OK,LOVE,40085,126.2,2020
OK,MCCLAIN,40087,25.4,2020
OK,MCCURTAIN,40089,17.0,2020
OK,MCINTOSH,40091,10.7,2020
OK,MAJOR,40093,16.5,2020
OK,MARSHALL,40095,18.3,2020
OK,MAYES,40097,28.8,2020
OK,MURRAY,40099,51.2,2020
OK,MUSKOGEE,40101,71.4,2020
OK,NOBLE,40103,4.1,2020
OK,NOWATA,40105,37.1,2020
OK,OKFUSKEE,40107,4.5,2020
OK,OKLAHOMA,40109,97.3,2020
OK,OKMULGEE,40111,14.7,2020
OK,OSAGE,40113,11.0,2020
OK,OTTAWA,40115,33.4,2020
OK,PAWNEE,40117,26.1,2020
OK,PAYNE,40119,39.8,2020
OK,PITTSBURG,40121,60.7,2020
OK,PONTOTOC,40123,56.7,2020
OK,POTTAWATOMIE,40125,47.1,2020
OK,PUSHMATAHA,40127,7.0,2020
OK,ROGER MILLS,40129,9.9,2020
OK,ROGERS,40131,29.5,2020
OK,SEMINOLE,40133,26.2,2020
OK,SEQUOYAH,40135,14.0,2020
OK,STEPHENS,40137,52.8,2020
OK,TEXAS,40139,14.3,2020
OK,TILLMAN,40141,65.0,2020
OK,TULSA,40143,103.1,2020
OK,WAGONER,40145,13.1,2020
OK,WASHINGTON,40147,40.7,2020
OK,WASHITA,40149,14.0,2020
OK,WOODS,40151,9.6,2020
OK,WOODWARD,40153,38.5,2020
OR,BAKER,41001,68.4,2020
OR,BENTON,41003,56.0,2020
OR,CLACKAMAS,41005,31.0,2020
OR,CLATSOP,41007,52.6,2020
OR,COLUMBIA,41009,24.7,2020
OR,COOS,41011,71.7,2020
OR,CROOK,41013,35.9,2020
OR,CURRY,41015,83.2,2020
OR,DESCHUTES,41017,53.1,2020
OR,DOUGLAS,41019,53.8,2020
OR,GILLIAM,41021,22.5,2020
OR,GRANT,41023,35.9,2020
OR,HARNEY,41025,46.4,2020
OR,HOOD RIVER,41027,72.4,2020
OR,JACKSON,41029,82.8,2020
OR,JEFFERSON,41031,23.7,2020
OR,JOSEPHINE,41033,47.1,2020
OR,KLAMATH,41035,39.7,2020
OR,LAKE,41037,44.4,2020
OR,LANE,41039,61.2,2020
OR,LINCOLN,41041,38.1,2020
OR,LINN,41043,30.4,2020
OR,MALHEUR,41045,84.4,2020
OR,MARION,41047,37.9,2020
OR,MORROW,41049,16.9,2020
OR,MULTNOMAH,41051,47.6,2020
OR,POLK,41053,20.9,2020
OR,SHERMAN,41055,5.1,2020
OR,TILLAMOOK,41057,59.1,2020
OR,UMATILLA,41059,31.5,2020
OR,UNION,41061,50.2,2020
OR,WALLOWA,41063,51.3,2020
OR,WASCO,41065,51.3,2020
OR,WASHINGTON,41067,35.2,2020
OR,WHEELER,41069,50.9,2020
OR,YAMHILL,41071,31.3,2020
PA,ADAMS,42001,23.2,2020
PA,ALLEGHENY,42003,63.7,2020
PA,ARMSTRONG,42005,26.8,2020
PA,BEAVER,42007,31.4,2020
PA,BEDFORD,42009,19.5,2020
PA,BERKS,42011,29.6,2020
PA,BLAIR,42013,64.9,2020
PA,BRADFORD,42015,50.2,2020
PA,BUCKS,42017,38.9,2020
PA,BUTLER,42019,29.7,2020
PA,CAMBRIA,42021,54.0,2020
PA,CAMERON,42023,18.3,2020
PA,CARBON,42025,25.5,2020
PA,CENTRE,42027,30.6,2020
PA,CHESTER,42029,28.8,2020
PA,CLARION,42031,33.9,2020
PA,CLEARFIELD,42033,46.4,2020
PA,CLINTON,42035,43.6,2020
PA,COLUMBIA,42037,43.7,2020
PA,CRAWFORD,42039,53.1,2020
PA,CUMBERLAND,42041,38.2,2020
PA,DAUPHIN,42043,53.9,2020
PA,DELAWARE,42045,41.4,2020
PA,ELK,42047,33.2,2020
PA,ERIE,42049,56.9,2020
PA,FAYETTE,42051,81.1,2020
PA,FOREST,42053,2.8,2020
PA,FRANKLIN,42055,33.3,2020
PA,FULTON,42057,15.6,2020
PA,GREENE,42059,17.0,2020
PA,HUNTINGDON,42061,15.9,2020
PA,INDIANA,42063,30.6,2020
PA,JEFFERSON,42065,27.8,2020
PA,JUNIATA,42067,25.9,2020
PA,LACKAWANNA,42069,65.3,2020
PA,LANCASTER,42071,32.8,2020
PA,LAWRENCE,42073,41.3,2020
PA,LEBANON,42075,27.4,2020
PA,LEHIGH,42077,39.9,2020
PA,LUZERNE,42079,49.4,2020
PA,LYCOMING,42081,50.4,2020
PA,MCKEAN,42083,46.4,2020
PA,MERCER,42085,70.7,2020
PA,MIFFLIN,42087,36.2,2020
PA,MONROE,42089,30.0,2020
PA,MONTGOMERY,42091,47.9,2020
PA,MONTOUR,42093,260.7,2020
PA,NORTHAMPTON,42095,50.4,2020
PA,NORTHUMBERLAND,42097,35.5,2020
PA,PERRY,42099,15.1,2020
PA,PHILADELPHIA,42101,43.2,2020
PA,PIKE,42103,23.8,2020
PA,POTTER,42105,35.7,2020
PA,SCHUYLKILL,42107,26.8,2020
PA,SNYDER,42109,34.9,2020
PA,SOMERSET,42111,24.6,2020
PA,SULLIVAN,42113,12.1,2020
PA,SUSQUEHANNA,42115,20.4,2020
PA,TIOGA,42117,33.0,2020
PA,UNION,42119,59.1,2020
PA,VENANGO,42121,48.8,2020
PA,WARREN,42123,36.7,2020
PA,WASHINGTON,42125,41.1,2020
PA,WAYNE,42127,20.9,2020
PA,WESTMORELAND,42129,36.9,2020
PA,WYOMING,42131,38.6,2020
PA,YORK,42133,37.3,2020
RI,BRISTOL,44001,18.7,2020
RI,KENT,44003,46.3,2020
RI,NEWPORT,44005,26.8,2020
RI,PROVIDENCE,44007,37.8,2020
RI,WASHINGTON,44009,30.0,2020
SC,ABBEVILLE,45001,30.0,2020
SC,AIKEN,45003,40.0,2020
SC,ALLENDALE,45005,44.5,2020
SC,ANDERSON,45007,67.1,2020
SC,BAMBERG,45009,46.6,2020
SC,BARNWELL,45011,47.0,2020
SC,BEAUFORT,45013,45.4,2020
SC,BERKELEY,45015,18.2,2020
SC,CALHOUN,45017,6.3,2020
SC,CHARLESTON,45019,103.6,2020
SC,CHEROKEE,45021,51.2,2020
SC,CHESTER,45023,38.3,2020
SC,CHESTERFIELD,45025,26.7,2020
SC,CLARENDON,45027,57.8,2020
SC,COLLETON,45029,46.4,2020
SC,DARLINGTON,45031,85.7,2020
SC,DILLON,45033,51.2,2020
SC,DORCHESTER,45035,22.8,2020
SC,EDGEFIELD,45037,16.3,2020
SC,FAIRFIELD,45039,23.9,2020
SC,FLORENCE,45041,125.0,2020
SC,GEORGETOWN,45043,49.8,2020
SC,GREENVILLE,45045,67.6,2020
SC,GREENWOOD,45047,85.6,2020
SC,HAMPTON,45049,25.5,2020
SC,HORRY,45051,54.3,2020
SC,JASPER,45053,16.9,2020
SC,KERSHAW,45055,29.7,2020
SC,LANCASTER,45057,30.3,2020
SC,LAURENS,45059,34.5,2020
SC,LEE,45061,13.2,2020
SC,LEXINGTON,45063,57.7,2020
SC,MCCORMICK,45065,11.8,2020
SC,MARION,45067,41.5,2020
SC,MARLBORO,45069,18.7,2020
SC,NEWBERRY,45071,37.1,2020
SC,OCONEE,45073,56.4,2020
SC,ORANGEBURG,45075,43.8,2020
SC,PICKENS,45077,74.9,2020
SC,RICHLAND,45079,61.3,2020
SC,SALUDA,45081,11.8,2020
SC,SPARTANBURG,45083,75.0,2020
SC,SUMTER,45085,45.6,2020
SC,UNION,45087,17.7,2020
SC,WILLIAMSBURG,45089,18.8,2020
SC,YORK,45091,29.1,2020
SD,AURORA,46003,21.1,2020
SD,BEADLE,46005,36.7,2020
SD,BENNETT,46007,4.0,2020
SD,BON HOMME,46009,12.6,2020
SD,BROOKINGS,46011,19.8,2020
SD,BROWN,46013,55.8,2020
SD,BRULE,46015,52.1,2020
SD,BUFFALO,46017,4.0,2020
SD,BUTTE,46019,6.0,2020
SD,CAMPBELL,46021,5.6,2020
SD,CHARLES MIX,46023,22.1,2020
SD,CLARK,46025,15.2,2020
SD,CLAY,46027,25.6,2020
SD,CODINGTON,46029,37.2,2020
SD,CORSON,46031,4.6,2020
SD,CUSTER,46033,29.9,2020
SD,DAVISON,46035,45.8,2020
SD,DAY,46037,4.0,2020
SD,DEUEL,46039,3.1,2020
SD,DEWEY,46041,2.5,2020
SD,DOUGLAS,46043,23.1,2020
SD,EDMUNDS,46045,33.2,2020
SD,FALL RIVER,46047,38.7,2020
SD,FAULK,46049,22.1,2020
SD,GRANT,46051,27.8,2020
SD,GREGORY,46053,60.0,2020
SD,HAAKON,46055,119.1,2020
SD,HAMLIN,46057,1.6,2020
SD,HAND,46059,0.3,2020
SD,HANSON,46061,0.3,2020
SD,HARDING,46063,2.0,2020
SD,HUGHES,46065,39.6,2020
SD,HUTCHINSON,46067,54.8,2020
SD,HYDE,46069,38.2,2020
SD,JACKSON,46071,8.8,2020
SD,JERAULD,46073,108.1,2020
SD,JONES,46075,31.2,2020
SD,KINGSBURY,46077,23.9,2020
SD,LAKE,46079,19.3,2020
SD,LAWRENCE,46081,31.7,2020
SD,LINCOLN,46083,30.5,2020
SD,LYMAN,46085,4.0,2020
SD,MCCOOK,46087,18.3,2020
SD,MCPHERSON,46089,4.4,2020
SD,MARSHALL,46091,13.8,2020
SD,MEADE,46093,6.9,2020
SD,MELLETTE,46095,2.3,2020
SD,MINER,46097,4.0,2020
SD,MINNEHAHA,46099,53.9,2020
SD,MOODY,46101,14.6,2020
SD,OGLALA LAKOTA,46102,3.0,2020
SD,PENNINGTON,46103,49.7,2020
SD,PERKINS,46105,53.1,2020
SD,POTTER,46107,4.5,2020
SD,ROBERTS,46109,31.7,2020
SD,SANBORN,46111,1.4,2020
SD,SPINK,46115,7.9,2020
SD,STANLEY,46117,2.7,2020
SD,SULLY,46119,0.7,2020
SD,TODD,46121,7.4,2020
SD,TRIPP,46123,42.2,2020
SD,TURNER,46125,11.7,2020
SD,UNION,46127,233.8,2020
SD,WALWORTH,46129,31.8,2020
SD,YANKTON,46135,50.0,2020
TN,ANDERSON,47001,51.9,2020
TN,BEDFORD,47003,31.2,2020
TN,BENTON,47005,36.5,2020
TN,BLEDSOE,47007,57.5,2020
TN,BLOUNT,47009,41.2,2020
TN,BRADLEY,47011,93.9,2020
TN,CAMPBELL,47013,35.5,2020
TN,CANNON,47015,21.5,2020
TN,CARROLL,47017,113.2,2020
TN,CARTER,47019,32.9,2020
TN,CHEATHAM,47021,38.3,2020
TN,CHESTER,47023,43.5,2020
TN,CLAIBORNE,47025,101.9,2020
TN,CLAY,47027,32.5,2020
TN,COCKE,47029,68.4,2020
TN,COFFEE,47031,138.1,2020
TN,CROCKETT,47033,16.9,2020
TN,CUMBERLAND,47035,40.6,2020
TN,DAVIDSON,47037,84.8,2020
TN,DECATUR,47039,68.8,2020
TN,DEKALB,47041,47.4,2020
TN,DICKSON,47043,61.4,2020
TN,DYER,47045,80.2,2020
TN,FAYETTE,47047,31.9,2020
TN,FENTRESS,47049,37.4,2020
TN,FRANKLIN,47051,52.0,2020
TN,GIBSON,47053,60.3,2020
TN,GILES,47055,43.7,2020
TN,GRAINGER,47057,12.4,2020
TN,GREENE,47059,60.2,2020
TN,GRUNDY,47061,22.4,2020
TN,HAMBLEN,47063,124.7,2020
TN,HAMILTON,47065,101.1,2020
TN,HANCOCK,47067,74.9,2020
TN,HARDEMAN,47069,32.4,2020
TN,HARDIN,47071,123.0,2020
TN,HAWKINS,47073,31.5,2020
TN,HAYWOOD,47075,25.7,2020
TN,HENDERSON,47077,42.4,2020
TN,HENRY,47079,70.5,2020
TN,HICKMAN,47081,14.1,2020
TN,HOUSTON,47083,57.8,2020
TN,HUMPHREYS,47085,25.7,2020
TN,JACKSON,47087,7.7,2020
TN,JEFFERSON,47089,59.9,2020
TN,JOHNSON,47091,35.0,2020
TN,KNOX,47093,105.8,2020
TN,LAKE,47095,11.3,2020
TN,LAUDERDALE,47097,62.8,2020
TN,LAWRENCE,47099,37.0,2020
TN,LEWIS,47101,33.7,2020
TN,LINCOLN,47103,28.4,2020
TN,LOUDON,47105,20.3,2020
TN,MCMINN,47107,58.0,2020
TN,MCNAIRY,47109,67.8,2020
TN,MACON,47111,15.7,2020
TN,MADISON,47113,145.1,2020
TN,MARION,47115,29.2,2020
TN,MARSHALL,47117,54.3,2020
TN,MAURY,47119,91.4,2020
TN,MEIGS,47121,19.7,2020
TN,MONROE,47123,54.9,2020
TN,MONTGOMERY,47125,42.5,2020
TN,MOORE,47127,15.9,2020
TN,MORGAN,47129,33.8,2020
TN,OBION,47131,91.0,2020
TN,OVERTON,47133,67.8,2020
TN,PERRY,47135,99.6,2020
TN,PICKETT,47137,18.9,2020
TN,POLK,47139,26.6,2020
TN,PUTNAM,47141,93.0,2020
TN,RHEA,47143,30.7,2020
TN,ROANE,47145,56.1,2020
TN,ROBERTSON,47147,44.5,2020
TN,RUTHERFORD,47149,50.8,2020
TN,SCOTT,47151,77.4,2020
TN,SEQUATCHIE,47153,31.3,2020
TN,SEVIER,47155,43.0,2020
TN,SHELBY,47157,60.2,2020
TN,SMITH,47159,51.7,2020
TN,STEWART,47161,17.7,2020
TN,SULLIVAN,47163,126.4,2020
TN,SUMNER,47165,55.0,2020
TN,TIPTON,47167,42.9,2020
TN,TROUSDALE,47169,24.7,2020
TN,UNICOI,47171,62.0,2020
TN,UNION,47173,13.5,2020
TN,VAN BUREN,47175,2.0,2020
TN,WARREN,47177,46.2,2020
TN,WASHINGTON,47179,140.1,2020
TN,WAYNE,47181,62.0,2020
TN,WEAKLEY,47183,85.9,2020
TN,WHITE,47185,25.6,2020
TN,WILLIAMSON,47187,52.4,2020
TN,WILSON,47189,45.0,2020
TX,ANDERSON,48001,36.4,2020
TX,ANDREWS,48003,11.6,2020
TX,ANGELINA,48005,58.3,2020
TX,ARANSAS,48007,17.0,2020
TX,ARCHER,48009,0.5,2020
TX,ARMSTRONG,48011,20.3,2020
TX,ATASCOSA,48013,20.0,2020
TX,AUSTIN,48015,20.3,2020
TX,BAILEY,48017,23.2,2020
TX,BANDERA,48019,9.6,2020
TX,BASTROP,48021,13.3,2020
TX,BAYLOR,48023,33.8,2020
TX,BEE,48025,14.1,2020
TX,BELL,48027,53.8,2020
TX,BEXAR,48029,44.1,2020
TX,BLANCO,48031,7.0,2020
TX,BOSQUE,48035,13.9,2020
TX,BOWIE,48037,104.0,2020
TX,BRAZORIA,48039,27.9,2020
TX,BRAZOS,48041,39.7,2020
TX,BREWSTER,48043,20.2,2020
TX,BRISCOE,48045,0.2,2020
TX,BROOKS,48047,18.3,2020
TX,BROWN,48049,59.7,2020
TX,BURLESON,48051,16.9,2020
TX,BURNET,48053,13.9,2020
TX,CALDWELL,48055,6.5,2020
TX,CALHOUN,48057,29.8,2020
TX,CALLAHAN,48059,6.7,2020
TX,CAMERON,48061,22.3,2020
TX,CAMP,48063,38.1,2020
TX,CARSON,48065,2.7,2020
TX,CASS,48067,44.5,2020
TX,CASTRO,48069,9.7,2020
TX,CHAMBERS,48071,8.2,2020
TX,CHEROKEE,48073,28.5,2020
TX,CHILDRESS,48075,63.9,2020
TX,CLAY,48077,12.6,2020
TX,COCHRAN,48079,17.6,2020
TX,COLEMAN,48083,14.3,2020
TX,COLLIN,48085,29.7,2020
TX,COLLINGSWORTH,48087,14.2,2020
TX,COLORADO,48089,22.0,2020
TX,COMAL,48091,32.6,2020
TX,COMANCHE,48093,52.1,2020
TX,CONCHO,48095,1.1,2020
TX,COOKE,48097,31.5,2020
TX,CORYELL,48099,14.3,2020
TX,CRANE,48103,14.6,2020
TX,CROCKETT,48105,26.6,2020
TX,CROSBY,48107,17.4,2020
TX,CULBERSON,48109,71.9,2020
TX,DALLAM,48111,19.4,2020
TX,DALLAS,48113,45.9,2020
TX,DAWSON,48115,9.1,2020
TX,DEAF SMITH,48117,4.9,2020
TX,DELTA,48119,4.2,2020
TX,DENTON,48121,30.7,2020
TX,DE WITT,48123,34.8,2020
TX,DIMMIT,48127,6.0,2020
TX,DONLEY,48129,0.4,2020
TX,DUVAL,48131,3.1,2020
TX,EASTLAND,48133,14.5,2020
TX,ECTOR,48135,41.2,2020
TX,EDWARDS,48137,0.6,2020
TX,ELLIS,48139,30.8,2020
TX,EL PASO,48141,27.0,2020
TX,ERATH,48143,35.2,2020
TX,FALLS,48145,27.4,2020
TX,FANNIN,48147,18.4,2020
TX,FAYETTE,48149,63.2,2020
TX,FISHER,48151,3.1,2020
TX,FLOYD,48153,28.6,2020
TX,FOARD,48155,51.7,2020
TX,FORT BEND,48157,20.7,2020
TX,FRANKLIN,48159,28.3,2020
TX,FREESTONE,48161,12.1,2020
TX,FRIO,48163,9.4,2020
TX,GAINES,48165,10.7,2020
TX,GALVESTON,48167,41.2,2020
TX,GARZA,48169,2.0,2020
TX,GILLESPIE,48171,72.0,2020
TX,GOLIAD,48175,4.7,2020
TX,GONZALES,48177,13.7,2020
TX,GRAY,48179,67.8,2020
TX,GRAYSON,48181,64.4,2020
TX,GREGG,48183,105.0,2020
TX,GRIMES,48185,9.4,2020
TX,GUADALUPE,48187,18.9,2020
TX,HALE,48189,29.2,2020
TX,HALL,48191,15.9,2020
TX,HAMILTON,48193,49.8,2020
TX,HANSFORD,48195,5.9,2020
TX,HARDEMAN,48197,37.7,2020
TX,HARDIN,48199,16.7,2020
TX,HARRIS,48201,37.8,2020
TX,HARRISON,48203,36.2,2020
TX,HASKELL,48207,4.9,2020
TX,HAYS,48209,22.2,2020
TX,HEMPHILL,48211,1.5,2020
TX,HENDERSON,48213,33.3,2020
TX,HIDALGO,48215,17.3,2020
TX,HILL,48217,34.6,2020
TX,HOCKLEY,48219,27.7,2020
TX,HOOD,48221,56.8,2020
TX,HOPKINS,48223,42.1,2020
TX,HOUSTON,48225,13.2,2020
TX,HOWARD,48227,19.2,2020
TX,HUNT,48231,29.3,2020
TX,HUTCHINSON,48233,32.4,2020
TX,JACK,48237,8.5,2020
TX,JACKSON,48239,16.5,2020
TX,JASPER,48241,27.4,2020
TX,JEFF DAVIS,48243,42.8,2020
TX,JEFFERSON,48245,70.3,2020
TX,JIM WELLS,48249,44.0,2020
TX,JOHNSON,48251,37.3,2020
TX,JONES,48253,10.8,2020
TX,KARNES,48255,23.2,2020
TX,KAUFMAN,48257,20.7,2020
TX,KENDALL,48259,29.5,2020
TX,KERR,48265,39.4,2020
TX,KIMBLE,48267,18.9,2020
TX,KINNEY,48271,1.6,2020
TX,KLEBERG,48273,23.6,2020
TX,KNOX,48275,26.4,2020
TX,LAMAR,48277,68.2,2020
TX,LAMB,48279,14.5,2020
TX,LAMPASAS,48281,15.9,2020
TX,LA SALLE,48283,8.0,2020
TX,LAVACA,48285,12.4,2020
TX,LEE,48287,11.0,2020
TX,LEON,48289,7.8,2020
TX,LIBERTY,48291,28.8,2020
TX,LIMESTONE,48293,25.9,2020
TX,LIPSCOMB,48295,0.1,2020
TX,LIVE OAK,48297,5.3,2020
TX,LLANO,48299,20.8,2020
TX,LUBBOCK,48303,85.7,2020
TX,LYNN,48305,11.9,2020
TX,MCCULLOCH,48307,17.6,2020
TX,MCLENNAN,48309,48.9,2020
TX,MADISON,48313,23.2,2020
TX,MARION,48315,9.8,2020
TX,MARTIN,48317,24.5,2020
TX,MASON,48319,2.5,2020
TX,MATAGORDA,48321,30.0,2020
TX,MAVERICK,48323,9.5,2020
TX,MEDINA,48325,15.0,2020
TX,MENARD,48327,1.6,2020
TX,MIDLAND,48329,21.3,2020
TX,MILAM,48331,24.1,2020
TX,MILLS,48333,7.6,2020
TX,MITCHELL,48335,52.7,2020
TX,MONTAGUE,48337,39.0,2020
TX,MONTGOMERY,48339,37.5,2020
TX,MOORE,48341,33.5,2020
TX,MORRIS,48343,12.8,2020
TX,NACOGDOCHES,48347,54.1,2020
TX,NAVARRO,48349,23.7,2020
TX,NEWTON,48351,7.1,2020
TX,NOLAN,48353,25.0,2020
TX,NUECES,48355,70.0,2020
TX,OCHILTREE,48357,21.0,2020
TX,ORANGE,48361,52.4,2020
TX,PALO PINTO,48363,25.6,2020
TX,PANOLA,48365,21.2,2020
TX,PARKER,48367,27.4,2020
TX,PARMER,48369,19.8,2020
TX,PECOS,48371,18.8,2020
TX,POLK,48373,27.2,2020
TX,POTTER,48375,102.8,2020
TX,PRESIDIO,48377,5.8,2020
TX,RAINS,48379,1.5,2020
TX,RANDALL,48381,26.8,2020
TX,REAGAN,48383,1.6,2020
TX,REAL,48385,1.4,2020
TX,RED RIVER,48387,82.2,2020
TX,REEVES,48389,31.8,2020
TX,REFUGIO,48391,9.6,2020
TX,ROBERTSON,48395,5.7,2020
TX,ROCKWALL,48397,42.2,2020
TX,RUNNELS,48399,35.6,2020
TX,RUSK,48401,18.9,2020
TX,SABINE,48403,29.0,2020
TX,SAN AUGUSTINE,48405,28.5,2020
TX,SAN JACINTO,48407,3.4,2020
TX,SAN PATRICIO,48409,27.6,2020
TX,SAN SABA,48411,5.6,2020
TX,SCHLEICHER,48413,22.8,2020
TX,SCURRY,48415,15.5,2020
TX,SHACKELFORD,48417,2.9,2020
TX,SHELBY,48419,18.9,2020
TX,SHERMAN,48421,0.3,2020
TX,SMITH,48423,99.5,2020
TX,SOMERVELL,48425,45.7,2020
TX,STARR,48427,25.6,2020
TX,STEPHENS,48429,18.6,2020
TX,STERLING,48431,1.1,2020
TX,STONEWALL,48433,2.4,2020
TX,SUTTON,48435,15.0,2020
TX,SWISHER,48437,6.5,2020
TX,TARRANT,48439,45.1,2020
TX,TAYLOR,48441,72.7,2020
TX,TERRELL,48443,72.3,2020
TX,TERRY,48445,20.5,2020
TX,THROCKMORTON,48447,18.5,2020
TX,TITUS,48449,49.4,2020
TX,TOM GREEN,48451,46.6,2020
TX,TRAVIS,48453,39.1,2020
TX,TRINITY,48455,20.5,2020
TX,TYLER,48457,9.8,2020
TX,UPSHUR,48459,7.7,2020
TX,UPTON,48461,3.7,2020
TX,UVALDE,48463,23.6,2020
TX,VAL VERDE,48465,21.1,2020
TX,VAN ZANDT,48467,18.2,2020
TX,VICTORIA,48469,67.5,2020
TX,WALKER,48471,25.6,2020
TX,WALLER,48473,4.4,2020
TX,WARD,48475,32.5,2020
TX,WASHINGTON,48477,29.2,2020
TX,WEBB,48479,16.2,2020
TX,WHARTON,48481,31.5,2020
TX,WHEELER,48483,4.3,2020
TX,WICHITA,48485,78.2,2020
TX,WILBARGER,48487,49.6,2020
TX,WILLACY,48489,16.2,2020
TX,WILLIAMSON,48491,29.2,2020
TX,WILSON,48493,12.1,2020
TX,WINKLER,48495,8.2,2020
TX,WISE,48497,45.0,2020
TX,WOOD,48499,29.2,2020
TX,YOAKUM,48501,15.8,2020
TX,YOUNG,48503,37.7,2020
TX,ZAPATA,48505,3.8,2020
TX,ZAVALA,48507,2.6,2020
UT,BEAVER,49001,73.3,2020
UT,BOX ELDER,49003,31.1,2020
UT,CACHE,49005,34.7,2020
UT,CARBON,49007,125.9,2020
UT,DAGGETT,49009,0.9,2020
UT,DAVIS,49011,45.5,2020
UT,DUCHESNE,49013,46.6,2020
UT,EMERY,49015,31.7,2020
UT,GARFIELD,49017,56.4,2020
UT,GRAND,49019,46.5,2020
UT,IRON,49021,53.6,2020
UT,JUAB,49023,37.1,2020
UT,KANE,49025,46.7,2020
UT,MILLARD,49027,27.9,2020
UT,MORGAN,49029,22.8,2020
UT,RICH,49033,7.4,2020
UT,SALT LAKE,49035,53.6,2020
UT,SAN JUAN,49037,14.8,2020
UT,SANPETE,49039,38.3,2020
UT,SEVIER,49041,72.7,2020
UT,SUMMIT,49043,41.9,2020
UT,TOOELE,49045,20.7,2020
UT,UINTAH,49047,36.3,2020
UT,UTAH,49049,40.1,2020
UT,WASATCH,49051,20.3,2020
UT,WASHINGTON,49053,67.2,2020
UT,WAYNE,49055,18.8,2020
UT,WEBER,49057,58.8,2020
VT,ADDISON,50001,24.8,2020
VT,BENNINGTON,50003,41.3,2020
VT,CALEDONIA,50005,25.7,2020
VT,CHITTENDEN,50007,41.6,2020
VT,ESSEX,50009,38.7,2020
VT,FRANKLIN,50011,32.4,2020
VT,GRAND ISLE,50013,12.7,2020
VT,LAMOILLE,50015,36.2,2020
VT,ORANGE,50017,21.4,2020
VT,ORLEANS,50019,38.3,2020
VT,RUTLAND,50021,41.3,2020
VT,WASHINGTON,50023,32.1,2020
VT,WINDHAM,50025,35.0,2020
VT,WINDSOR,50027,26.8,2020
VA,ACCOMACK,51001,19.4,2020
VA,ALBEMARLE,51003,37.0,2020
VA,ALLEGHANY,51005,50.1,2020
VA,AMELIA,51007,1.7,2020
VA,AMHERST,51009,32.3,2020
VA,APPOMATTOX,51011,17.0,2020
VA,ARLINGTON,51013,31.1,2020
VA,AUGUSTA,51015,43.2,2020
VA,BATH,51017,17.3,2020
VA,BEDFORD,51019,17.1,2020
VA,BLAND,51021,84.1,2020
VA,BOTETOURT,51023,11.9,2020
VA,BRUNSWICK,51025,6.9,2020
VA,BUCHANAN,51027,71.4,2020
VA,BUCKINGHAM,51029,4.4,2020
VA,CAMPBELL,51031,5.3,2020
VA,CAROLINE,51033,4.2,2020
VA,CARROLL,51035,46.4,2020
VA,CHARLES CITY,51036,6.7,2020
VA,CHARLOTTE,51037,25.5,2020
VA,CHESTERFIELD,51041,36.6,2020
VA,CLARKE,51043,17.0,2020
VA,CRAIG,51045,1.5,2020
VA,CULPEPER,51047,21.8,2020
VA,DICKENSON,51051,79.9,2020
VA,DINWIDDIE,51053,1.9,2020
VA,ESSEX,51057,60.6,2020
VA,FAIRFAX,51059,26.3,2020
VA,FAUQUIER,51061,33.1,2020
VA,FLOYD,51063,9.0,2020
VA,FLUVANNA,51065,6.3,2020
VA,FRANKLIN,51067,16.0,2020
VA,FREDERICK,51069,3.6,2020
VA,GILES,51071,26.5,2020
VA,GLOUCESTER,51073,37.1,2020
VA,GOOCHLAND,51075,11.1,2020
VA,GRAYSON,51077,14.1,2020
VA,GREENE,51079,12.9,2020
VA,GREENSVILLE,51081,1.4,2020
VA,HALIFAX,51083,18.5,2020
VA,HANOVER,51085,47.2,2020
VA,HENRICO,51087,46.7,2020
VA,HENRY,51089,5.8,2020
VA,HIGHLAND,51091,0.3,2020
VA,ISLE OF WIGHT,51093,12.7,2020
VA,JAMES CITY,51095,39.2,2020
VA,KING AND QUEEN,51097,0.5,2020
VA,KING GEORGE,51099,4.9,2020
VA,KING WILLIAM,51101,9.3,2020
VA,LANCASTER,51103,42.5,2020
VA,LEE,51105,57.0,2020
VA,LOUDOUN,51107,17.2,2020
VA,LOUISA,51109,8.7,2020
VA,LUNENBURG,51111,6.3,2020
VA,MADISON,51113,4.9,2020
VA,MATHEWS,51115,3.4,2020
VA,MECKLENBURG,51117,47.3,2020
VA,MIDDLESEX,51119,7.7,2020
VA,MONTGOMERY,51121,49.3,2020
VA,NELSON,51125,20.5,2020
VA,NEW KENT,51127,17.3,2020
VA,NORTHAMPTON,51131,65.9,2020
VA,NORTHUMBERLAND,51133,7.5,2020
VA,NOTTOWAY,51135,32.7,2020
VA,ORANGE,51137,18.1,2020
VA,PAGE,51139,35.9,2020
VA,PATRICK,51141,40.4,2020
VA,PITTSYLVANIA,51143,7.1,2020
VA,POWHATAN,51145,14.8,2020
VA,PRINCE EDWARD,51147,20.9,2020
VA,PRINCE GEORGE,51149,9.1,2020
VA,PRINCE WILLIAM,51153,16.3,2020
VA,PULASKI,51155,35.3,2020
VA,RAPPAHANNOCK,51157,6.8,2020
VA,RICHMOND,51159,4.1,2020
VA,ROANOKE,51161,74.5,2020
VA,ROCKBRIDGE,51163,14.3,2020
VA,ROCKINGHAM,51165,14.0,2020
VA,RUSSELL,51167,66.5,2020
VA,SCOTT,51169,142.9,2020
VA,SHENANDOAH,51171,19.5,2020
VA,SMYTH,51173,37.9,2020
VA,SOUTHAMPTON,51175,1.8,2020
VA,SPOTSYLVANIA,51177,26.6,2020
VA,STAFFORD,51179,13.3,2020
VA,SURRY,51181,1.2,2020
VA,SUSSEX,51183,4.7,2020
VA,TAZEWELL,51185,70.6,2020
VA,WARREN,51187,18.1,2020
VA,WASHINGTON,51191,58.1,2020
VA,WESTMORELAND,51193,4.5,2020
VA,WISE,51195,64.1,2020
VA,WYTHE,51197,51.9,2020
VA,YORK,51199,19.9,2020
VA,ALEXANDRIA CITY,51510,19.2,2020
VA,BRISTOL CITY,51520,24.6,2020
VA,BUENA VISTA CITY,51530,25.5,2020
VA,CHARLOTTESVILLE CITY,51540,153.8,2020
VA,CHESAPEAKE CITY,51550,38.0,2020
VA,COLONIAL HEIGHTS CITY,51570,73.1,2020
VA,COVINGTON CITY,51580,117.6,2020
VA,DANVILLE CITY,51590,67.8,2020
VA,EMPORIA CITY,51595,123.9,2020
VA,FAIRFAX CITY,51600,58.2,2020
VA,FALLS CHURCH CITY,51610,21.8,2020
VA,FRANKLIN CITY,51620,57.0,2020
VA,FREDERICKSBURG CITY,51630,220.4,2020
VA,GALAX CITY,51640,96.7,2020
VA,HAMPTON CITY,51650,27.2,2020
VA,HARRISONBURG CITY,51660,77.9,2020
VA,HOPEWELL CITY,51670,49.2,2020
VA,LEXINGTON CITY,51678,113.6,2020
VA,LYNCHBURG CITY,51680,104.5,2020
VA,MANASSAS CITY,51683,73.4,2020
VA,MARTINSVILLE CITY,51690,343.7,2020
VA,NEWPORT NEWS CITY,51700,56.3,2020
VA,NORFOLK CITY,51710,69.6,2020
VA,NORTON CITY,51720,406.7,2020
VA,PETERSBURG CITY,51730,48.7,2020
VA,POQUOSON CITY,51735,4.9,2020
VA,PORTSMOUTH CITY,51740,47.0,2020
VA,RADFORD CITY,51750,45.4,2020
VA,RICHMOND CITY,51760,55.2,2020
VA,ROANOKE CITY,51770,89.0,2020
VA,SALEM CITY,51775,375.6,2020
VA,STAUNTON CITY,51790,55.2,2020
VA,SUFFOLK CITY,51800,43.8,2020
VA,VIRGINIA BEACH CITY,51810,38.4,2020
VA,WAYNESBORO CITY,51820,45.4,2020
VA,WILLIAMSBURG CITY,51830,0.2,2020
VA,WINCHESTER CITY,51840,219.0,2020
WA,ADAMS,53001,16.3,2020
WA,ASOTIN,53003,59.9,2020
WA,BENTON,53005,72.9,2020
WA,CHELAN,53007,58.1,2020
WA,CLALLAM,53009,43.1,2020
WA,CLARK,53011,39.8,2020
WA,COLUMBIA,53013,138.2,2020
WA,COWLITZ,53015,38.2,2020
WA,DOUGLAS,53017,13.7,2020
WA,FERRY,53019,38.0,2020
WA,FRANKLIN,53021,12.4,2020
WA,GARFIELD,53023,71.3,2020
WA,GRANT,53025,31.7,2020
WA,GRAYS HARBOR,53027,49.1,2020
WA,ISLAND,53029,19.0,2020
WA,JEFFERSON,53031,45.5,2020
WA,KING,53033,36.4,2020
WA,KITSAP,53035,36.1,2020
WA,KITTITAS,53037,18.4,2020
WA,KLICKITAT,53039,30.8,2020
WA,LEWIS,53041,37.2,2020
WA,LINCOLN,53043,64.4,2020
WA,MASON,53045,15.9,2020
WA,OKANOGAN,53047,42.6,2020
WA,PACIFIC,53049,17.6,2020
WA,PEND OREILLE,53051,83.5,2020
WA,PIERCE,53053,40.4,2020
WA,SAN JUAN,53055,26.3,2020
WA,SKAGIT,53057,55.0,2020
WA,SKAMANIA,53059,17.5,2020
WA,SNOHOMISH,53061,30.4,2020
WA,SPOKANE,53063,58.8,2020
WA,STEVENS,53065,50.9,2020
WA,THURSTON,53067,44.0,2020
WA,WAHKIAKUM,53069,3.6,2020
WA,WALLA WALLA,53071,47.4,2020
WA,WHATCOM,53073,39.9,2020
WA,WHITMAN,53075,36.6,2020
WA,YAKIMA,53077,38.5,2020
WV,BARBOUR,54001,23.0,2020
WV,BERKELEY,54003,30.2,2020
WV,BOONE,54005,78.3,2020
WV,BRAXTON,54007,22.5,2020
WV,BROOKE,54009,14.6,2020
WV,CABELL,54011,124.2,2020
WV,CALHOUN,54013,42.9,2020
WV,CLAY,54015,18.8,2020
WV,DODDRIDGE,54017,0.7,2020
WV,FAYETTE,54019,23.6,2020
WV,GILMER,54021,8.0,2020
WV,GRANT,54023,57.1,2020
WV,GREENBRIER,54025,58.6,2020
WV,HAMPSHIRE,54027,20.2,2020
WV,HANCOCK,54029,77.7,2020
WV,HARDY,54031,26.6,2020
WV,HARRISON,54033,85.7,2020
WV,JACKSON,54035,19.7,2020
WV,JEFFERSON,54037,23.6,2020
WV,KANAWHA,54039,87.0,2020
WV,LEWIS,54041,59.4,2020
WV,LINCOLN,54043,26.8,2020
WV,LOGAN,54045,85.1,2020
WV,MCDOWELL,54047,20.7,2020
WV,MARION,54049,37.1,2020
WV,MARSHALL,54051,74.6,2020
WV,MASON,54053,56.2,2020
WV,MERCER,54055,54.7,2020
WV,MINERAL,54057,26.5,2020
WV,MINGO,54059,68.0,2020
WV,MONONGALIA,54061,62.0,2020
WV,MONROE,54063,16.5,2020
WV,MORGAN,54065,23.1,2020
WV,NICHOLAS,54067,47.3,2020
WV,OHIO,54069,86.8,2020
WV,PENDLETON,54071,8.9,2020
WV,PLEASANTS,54073,10.7,2020
WV,POCAHONTAS,54075,16.9,2020
WV,PRESTON,54077,32.6,2020
WV,PUTNAM,54079,49.4,2020
WV,RALEIGH,54081,56.5,2020
WV,RANDOLPH,54083,42.3,2020
WV,RITCHIE,54085,13.6,2020
WV,ROANE,54087,42.5,2020
WV,SUMMERS,54089,54.7,2020
WV,TAYLOR,54091,24.9,2020
WV,TUCKER,54093,21.5,2020
WV,TYLER,54095,11.6,2020
WV,UPSHUR,54097,13.2,2020
WV,WAYNE,54099,10.9,2020
WV,WEBSTER,54101,118.2,2020
WV,WETZEL,54103,33.2,2020
WV,WIRT,54105,14.4,2020
WV,WOOD,54107,66.8,2020
WV,WYOMING,54109,42.2,2020
WI,ADAMS,55001,4.7,2020
WI,ASHLAND,55003,61.4,2020
WI,BARRON,55005,42.6,2020
WI,BAYFIELD,55007,4.0,2020
WI,BROWN,55009,48.0,2020
WI,BUFFALO,55011,3.7,2020
WI,BURNETT,55013,26.8,2020
WI,CALUMET,55015,9.6,2020
WI,CHIPPEWA,55017,16.1,2020
WI,CLARK,55019,16.1,2020
WI,COLUMBIA,55021,35.7,2020
WI,CRAWFORD,55023,30.3,2020
WI,DANE,55025,42.8,2020
WI,DODGE,55027,29.7,2020
WI,DOOR,55029,29.2,2020
WI,DOUGLAS,55031,15.8,2020
WI,DUNN,55033,17.2,2020
WI,EAU CLAIRE,55035,57.6,2020
WI,FLORENCE,55037,9.2,2020
WI,FOND DU LAC,55039,29.0,2020
WI,FOREST,55041,6.5,2020
WI,GRANT,55043,27.1,2020
WI,GREEN,55045,41.4,2020
WI,GREEN LAKE,55047,21.6,2020
WI,IOWA,55049,26.2,2020
WI,IRON,55051,29.7,2020
WI,JACKSON,55053,12.9,2020
WI,JEFFERSON,55055,15.5,2020
WI,JUNEAU,55057,36.5,2020
WI,KENOSHA,55059,30.0,2020
WI,KEWAUNEE,55061,12.4,2020
WI,LA CROSSE,55063,53.4,2020
WI,LAFAYETTE,55065,20.3,2020
WI,LANGLADE,55067,40.5,2020
WI,LINCOLN,55069,27.1,2020
WI,MANITOWOC,55071,29.4,2020
WI,MARATHON,55073,46.4,2020
WI,MARINETTE,55075,40.1,2020
WI,MARQUETTE,55077,2.6,2020
WI,MENOMINEE,55078,9.6,2020
WI,MILWAUKEE,55079,62.6,2020
WI,MONROE,55081,32.1,2020
WI,OCONTO,55083,19.2,2020
WI,ONEIDA,55085,50.4,2020
WI,OUTAGAMIE,55087,40.2,2020
WI,OZAUKEE,55089,45.4,2020
WI,PEPIN,55091,26.0,2020
WI,PIERCE,55093,11.6,2020
WI,POLK,55095,44.6,2020
WI,PORTAGE,55097,21.9,2020
WI,PRICE,55099,29.4,2020
WI,RACINE,55101,35.4,2020
WI,RICHLAND,55103,17.0,2020
WI,ROCK,55105,42.3,2020
WI,RUSK,55107,14.0,2020
WI,SAINT CROIX,55109,15.6,2020
WI,SAUK,55111,37.3,2020
WI,SAWYER,55113,35.5,2020
WI,SHAWANO,55115,12.2,2020
WI,SHEBOYGAN,55117,55.0,2020
WI,TAYLOR,55119,13.1,2020
WI,TREMPEALEAU,55121,6.0,2020
WI,VERNON,55123,23.7,2020
WI,VILAS,55125,30.2,2020
WI,WALWORTH,55127,18.7,2020
WI,WASHBURN,55129,52.1,2020
WI,WASHINGTON,55131,25.1,2020
WI,WAUKESHA,55133,41.1,2020
WI,WAUPACA,55135,32.7,2020
WI,WAUSHARA,55137,16.0,2020
WI,WINNEBAGO,55139,41.0,2020
WI,WOOD,55141,47.4,2020
WY,ALBANY,56001,24.9,2020
WY,BIG HORN,56003,32.1,2020
WY,CAMPBELL,56005,37.6,2020
WY,CARBON,56007,59.0,2020
WY,CONVERSE,56009,26.9,2020
WY,CROOK,56011,5.3,2020
WY,FREMONT,56013,41.0,2020
WY,GOSHEN,56015,15.0,2020
WY,HOT SPRINGS,56017,98.5,2020
WY,JOHNSON,56019,29.6,2020
WY,LARAMIE,56021,51.1,2020
WY,LINCOLN,56023,40.7,2020
WY,NATRONA,56025,68.0,2020
WY,NIOBRARA,56027,5.8,2020
WY,PARK,56029,55.6,2020
WY,PLATTE,56031,16.8,2020
WY,SHERIDAN,56033,33.5,2020
WY,SUBLETTE,56035,29.0,2020
WY,SWEETWATER,56037,70.0,2020
WY,TETON,56039,50.6,2020
WY,UINTA,56041,60.0,2020
WY,WASHAKIE,56043,40.2,2020
WY,WESTON,56045,6.7,2020
